Country Name,Year,Country Code,Personal Remittance,GDP_Per_Capita,Life_Expectancy,Adult_Female_Mortality,Adult_Male_Mortality,Health_Expenditure_Per_Capita,Physicians_per_1000,Literacy_Rate,treatment,Remit_GDP_Ratio,Health_GDP_Ratio,GDP_scaled,remit_scaled
Angola,1996,AGO,5142000.0,531.11713680614,46.033,359.432,433.677,,,,0,9681.480117401768,,-0.42164478809352207,-0.3358935751335417
Angola,2005,AGO,0.0,1916.46842218625,51.57,312.939,391.77,54.21235657,,,0,0.0,0.028287633619423876,-0.29443338616455383,-0.3375328169777099
Angola,2006,AGO,0.0,2617.05196022633,52.369,306.638,389.257,69.76922607,,,0,0.0,0.026659472998757795,-0.23010153403220307,-0.3375328169777099
Angola,2007,AGO,0.0,3141.0459797605,53.642,293.787,376.381,92.84111786,,,0,0.0,0.02955738899023662,-0.18198520820871528,-0.3375328169777099
Angola,2008,AGO,82084000.0,4103.0669003635,54.633,289.154,367.605,135.63153076,,,0,20005.523183823298,0.03305613436329398,-0.09364658154672317,-0.31136488085621905
Angola,2009,AGO,162358.5,3136.64546955947,55.752,276.31,359.053,120.0315094,0.131,,0,51.761826950370214,0.03826747733044181,-0.18238928988661415,-0.3374810579642995
Angola,2010,AGO,17972037.0,3597.34293216332,56.726,266.289,353.366,96.66415405,,,0,4995.9198605489155,0.026870986690131722,-0.1400852398587008,-0.3318034285927741
Angola,2011,AGO,204751.1,4615.91059831778,57.596,260.537,345.748,121.91368866,,,0,44.35768320006445,0.026411622596076746,-0.046554146237580654,-0.3374675434322491
Angola,2012,AGO,40348853.9894801,5086.02740086376,58.623,247.851,337.853,121.79575348,,,0,7933.274992310828,0.023947128845455183,-0.0033851549836192807,-0.3246698201236083
Angola,2013,AGO,36637411.3401682,5057.74787833163,59.307,243.505,332.765,142.88616943,,,0,7243.819229726724,0.02825094743100026,-0.0059819531713128805,-0.3258530080063354
Angola,2014,AGO,30971119.270778,5005.9997412707,60.04,236.076,326.818,130.74234009,,66.0,0,6186.800014279752,0.02611712881487544,-0.0107337826402747,-0.32765939133216637
Angola,2015,AGO,11114711.6,3213.90261080059,60.655,229.953,321.296,107.64356232,,66.2358627319336,0,3458.3224652321687,0.033493100244623084,-0.17529506811772133,-0.3339895069153641
Angola,2016,AGO,3988048.38,1807.95294072643,61.092,229.534,316.08,94.1061554,,,0,2205.836385540884,0.052051219520231784,-0.30439793932387255,-0.33626144868112035
Angola,2017,AGO,1418195.84,2437.25971190821,61.68,222.983,308.611,112.85147095,0.212,,0,581.8812960600117,0.04630260386228799,-0.24661115452043447,-0.33708070379915034
Angola,2018,AGO,1579247.15,2538.59139143371,62.144,213.533,308.888,83.89920044,0.211,,0,622.0958423356564,0.03304950955207352,-0.23730626185653594,-0.3370293615108559
Angola,2019,AGO,3445473.46759301,2189.85571407618,62.448,214.355,305.594,64.65779114,,,0,1573.3792164688482,0.02952605083722457,-0.26932929809829864,-0.33643441863444856
Angola,2020,AGO,8053050.89441933,1449.92286669308,62.261,212.645,313.481,55.05102158,,,0,5554.123656788979,0.03796824151450065,-0.3372744437391538,-0.33496554782186616
Angola,2021,AGO,12631149.3197743,1925.87466082167,61.643,227.092,331.364,64.16342163,,,0,6558.655958630895,0.03331650960225253,-0.29356964798037055,-0.33350607475582905
Angola,2022,AGO,14005491.4763133,2929.69445467272,61.929,222.861,323.663,,0.244,72.4000015258789,0,4780.529742265519,,-0.2013927939163829,-0.3330679418948405
Angola,2023,AGO,12066567.165122,2308.15976731274,,,,,,,0,5227.786800551689,,-0.25846589859455993,-0.33368606049919286
Burundi,2004,BDI,41783.9949132528,125.194965184533,52.01,335.721,396.709,9.11969662,0.028,,0,333.75140007958504,0.07284395667635583,-0.4589190369219466,-0.337519496465676
Burundi,2005,BDI,71562.1616149131,147.234619294225,53.023,324.645,384.544,11.43010426,,,0,486.04167931393556,0.07763190691693746,-0.45689522149916434,-0.3375100033468701
Burundi,2006,BDI,11470.9717731824,161.892755640319,53.869,318.757,375.288,14.48706532,,,0,70.85537415069845,0.08948556878101611,-0.4555492220447798,-0.3375291600938274
Burundi,2007,BDI,189948.940546266,166.162744906755,54.727,313.762,364.779,15.68034935,,,0,1143.1499922131104,0.09436741887478622,-0.45515712559492094,-0.33747226228078286
Burundi,2008,BDI,3645216.67747847,189.502074570768,55.71,298.944,360.133,15.07347488,,48.0,0,19235.761327336782,0.07954253226062141,-0.4530139660382264,-0.33637074157732433
Burundi,2009,BDI,28232147.7562549,199.097633037708,56.388,296.277,352.29,18.82117844,,,0,141800.51930053777,0.09453240680382861,-0.4521328433527727,-0.3285325606663926
Burundi,2010,BDI,34498929.5130741,216.727705301976,57.081,294.658,341.706,25.12049484,0.046,,0,159180.98456773334,0.11590809216107621,-0.45051394262159017,-0.3265347444695727
Burundi,2011,BDI,45463176.8704967,230.070577369084,57.769,288.676,335.692,23.81056213,0.038,,0,197605.34958611298,0.10349242568206626,-0.4492887187528658,-0.32303940159557454
Burundi,2012,BDI,46433649.08889,231.688496393569,58.493,281.386,329.066,20.57489777,0.051,,0,200414.13281915046,0.08880414043107882,-0.44914015156309645,-0.3227300202908307
Burundi,2013,BDI,48639473.8999705,234.843045388828,59.235,273.145,322.204,20.8417263,0.055,,0,207114.8150009657,0.08874747074367266,-0.44885048164011343,-0.322026815247807
Burundi,2014,BDI,56262627.9576534,250.540481111877,59.868,265.859,316.675,18.59082222,0.058,62.0,0,224565.0192254949,0.07420286788584239,-0.4474090473800145,-0.3195965948829889
Burundi,2015,BDI,51041076.6786063,280.966831311923,60.217,255.471,324.309,18.2036705,0.047,,0,181662.28533197095,0.06478939316431519,-0.4446151143859959,-0.32126119724551017
Burundi,2016,BDI,34652856.2334303,235.286205393908,60.793,254.484,311.654,19.16795921,,65.6877365112305,0,147279.59157408183,0.08146656612490166,-0.4488097879863665,-0.3264856734619991
Burundi,2017,BDI,33778270.3184594,236.694472592753,61.553,243.956,302.935,19.77140808,0.097,68.0,0,142708.31907670668,0.08353134681779363,-0.4486804723055379,-0.3267644867307934
Burundi,2018,BDI,48328656.127359,224.89939239264,61.688,243.146,304.925,19.27294159,0.094,,0,214890.11425599828,0.08569583663593179,-0.4497635684876801,-0.32212590227596255
Burundi,2019,BDI,92045248.3755562,210.236494521532,62.351,232.316,298.476,22.95755196,,,0,437817.65190214926,0.10919870031246517,-0.4511100051743239,-0.30818928864358497
Burundi,2020,BDI,145245511.487583,210.008139902508,61.566,243.591,316.134,27.07072449,0.07,,1,691618.4846692623,0.1289032153828277,-0.4511309740877899,-0.29122933193141176
Burundi,2021,BDI,168015391.456856,214.091455416133,61.663,246.199,314.266,24.26920891,0.065,,1,784783.2653119286,0.1133590729383737,-0.45075601916012037,-0.2839704171059897
Burundi,2022,BDI,163422316.580144,250.634225368744,61.977,243.136,309.539,,,75.5400009155273,1,652035.1174693318,,-0.4474004392107619,-0.28543466458387845
Burundi,2023,BDI,197847049.192108,193.007145564804,,,,,,,1,1025076.2924509391,,-0.4526921090480771,-0.27446024564731014
Benin,1995,BEN,98932296.362212,348.435238914394,55.295,247.123,311.478,,0.058,,0,283933.0966364122,,-0.43841975382467047,-0.30599373492080767
Benin,1996,BEN,84917981.8711026,369.394384135736,55.558,251.853,304.524,,,,0,229884.33370416108,,-0.4364951573162057,-0.3104614227331686
Benin,1997,BEN,70106471.1259591,344.550491498963,55.978,246.904,302.338,,,,0,203472.27142518846,,-0.4387764750188341,-0.3151832524081563
Benin,1998,BEN,89178475.7128406,361.601983057505,56.218,242.94,305.436,,,,0,246620.53830235408,,-0.43721070309583265,-0.30910320029400135
Benin,1999,BEN,75026904.5400656,525.130597245974,56.526,241.296,303.385,,,,0,142872.84902753934,,-0.4221945086576771,-0.31361464479558393
Benin,2000,BEN,85876253.1152284,487.424141384242,56.578,243.816,306.59,14.88457298,,,0,176183.8321576509,0.030537209211117678,-0.4256569453425556,-0.31015593103316197
Benin,2001,BEN,83064161.1242547,492.401499509072,56.66,249.065,305.665,16.79668045,,,0,168691.9337310514,0.03411175730932261,-0.4251998939710773,-0.311052410780586
Benin,2002,BEN,76107818.0196352,546.463829658159,56.606,258.765,305.086,17.4725647,,35.0,0,139273.29475263625,0.03197387228891248,-0.4202355611824265,-0.3132700554129243
Benin,2003,BEN,55401177.0875582,676.002878084282,56.738,259.611,306.773,21.76790237,,,0,81954.05505455696,0.03220090191285553,-0.40834049591722177,-0.3198712207703781
Benin,2004,BEN,63117010.2701726,758.695803786371,56.826,264.89,304.929,25.34852219,0.039,,0,83191.45823026683,0.03341065294350499,-0.4007471272755025,-0.3174114548008014
Benin,2005,BEN,146939347.933076,779.437777753268,57.125,260.249,305.453,25.97800064,,,1,188519.663951405,0.033329152603921344,-0.39884247275577966,-0.29068934601569235
Benin,2006,BEN,195673786.140392,809.147072506221,57.456,257.462,302.412,27.52271461,,28.7021102905273,1,241827.21879511912,0.034014477151542065,-0.3961143841650168,-0.27515307017721247
Benin,2007,BEN,240793733.393634,912.338247188342,57.675,258.725,299.276,27.74564934,,,1,263930.3286206797,0.030411581916582983,-0.3866387413179335,-0.2607690745443501
Benin,2008,BEN,207863209.389345,1060.60254502099,57.869,256.262,300.589,29.14166451,0.061,,1,195985.96134354104,0.027476517614261682,-0.37302420947871834,-0.27126714784233086
Benin,2009,BEN,126457222.338888,1024.10277858112,57.956,257.879,301.092,30.67226219,,,0,123480.98743965202,0.029950374934531464,-0.37637584058333146,-0.29721893709533104
Benin,2010,BEN,139569120.486052,973.244254493089,58.363,254.119,295.587,30.38452339,0.054,,1,143406.05643620892,0.031219833304667877,-0.3810459803648826,-0.2930389347422966
Benin,2011,BEN,172185775.345679,1059.41358915783,58.462,256.008,295.577,32.9503212,0.056,,1,162529.32481501988,0.031102415088137124,-0.37313338665549683,-0.2826409212334102
Benin,2012,BEN,207763555.185996,1071.52583567484,58.716,257.668,289.894,34.21852112,,32.9488182067871,1,193895.04972145433,0.03193438737615636,-0.37202116632827825,-0.2712989170644384
Benin,2013,BEN,248800533.682456,1168.92699314206,58.965,252.741,291.195,34.83580017,,,1,212845.2291222085,0.029801519149080337,-0.36307719816535156,-0.2582165498319161
Benin,2014,BEN,304659173.440494,1204.39918700511,59.125,254.317,288.604,33.67948914,,,1,252955.31309521003,0.027963726232453117,-0.3598199250401625,-0.24040911699455803
Benin,2015,BEN,214449579.452891,1002.41886882564,59.377,249.694,289.617,28.41767883,,,1,213932.10575148521,0.028349106061114012,-0.3783669893904291,-0.26916744861842157
Benin,2016,BEN,221726214.973562,1010.53389609187,59.539,251.112,287.304,29.34768677,0.046,,1,219414.92099479694,0.02904176384730783,-0.37762181810707074,-0.2668476964927419
Benin,2017,BEN,195776833.870766,1054.97408141687,59.856,245.742,286.886,29.22344017,,38.871208190918,1,185575.01773676786,0.02770062382077844,-0.37354104932529186,-0.2751202191170071
Benin,2018,BEN,198742396.0148,1151.74096952152,60.14,245.631,282.252,34.44770432,0.076,,1,172558.24119668652,0.029909246290258287,-0.36465532364256825,-0.2741748139131989
Benin,2019,BEN,216993145.183503,1130.82135304977,60.454,239.831,282.721,29.37922096,0.062,,1,191889.85474874795,0.025980426422587154,-0.36657629038022677,-0.2683565735933318
Benin,2020,BEN,204623916.545632,1197.50136428063,60.088,246.154,288.981,30.64243507,,,1,170875.72728449866,0.02558864313979943,-0.3604533251808336,-0.2722998169156349
Benin,2021,BEN,230914333.08778,1318.83497843483,59.821,249.345,302.469,35.12914658,0.212,43.834171295166,1,175089.6335505334,0.026636498996781725,-0.34931173292148887,-0.26391857403416813
Benin,2022,BEN,250408119.919798,1264.70765976655,59.954,246.828,301.966,,0.195,47.0999984741211,1,197996.83981199286,,-0.35428203335222663,-0.2577040600169881
Benin,2023,BEN,233249649.047852,1394.37330217623,,,,,,,1,167279.19896616924,,-0.34237534345556997,-0.26317408791182195
Burkina Faso,1995,BFA,78178306.58,229.092294496817,49.446,307.853,367.538,,0.034,,0,341252.449156845,,-0.4493785506510836,-0.3126099948361017
Burkina Faso,1996,BFA,76009666.44,242.733171352672,49.614,306.291,369.154,,0.035,13.0,0,313140.82873973576,,-0.4481259621656313,-0.31330134560670286
Burkina Faso,1997,BFA,73841026.31,223.853958525611,49.4,314.854,374.997,,0.038,,0,329862.4996240658,,-0.4498595665996769,-0.313992696374116
Burkina Faso,1998,BFA,71672386.17,249.53173292493,49.991,307.016,369.141,,,,0,287227.541482919,,-0.44750167678918246,-0.3146840471447171
Burkina Faso,1999,BFA,69503746.03,292.836958697313,50.325,301.718,369.555,,,,0,237346.22275544674,,-0.44352512691371615,-0.3153753979153182
Burkina Faso,2000,BFA,67335105.9,248.908526921752,50.847,292.458,366.688,7.36981916,,,0,270521.491299363,0.02960854435620363,-0.44755890336426957,-0.3160667486827313
Burkina Faso,2001,BFA,49915523.53,259.485223380436,51.071,293.466,366.312,7.52252769,0.04,,0,192363.64552758343,0.02899019679040099,-0.4465876866061192,-0.32162001751369973
Burkina Faso,2002,BFA,58734134.67,285.654087637533,51.272,295.917,365.523,8.51982498,,,0,205612.792576341,0.029825671498217177,-0.4441847019305603,-0.31880869188395716
Burkina Faso,2003,BFA,53747390.75,362.373899996953,51.793,292.987,360.088,11.43507481,,22.0,0,148320.25913138868,0.03155601109819485,-0.43713982097584175,-0.32039843892787306
Burkina Faso,2004,BFA,44417327.88,403.81283743461,52.416,288.274,354.325,17.09873199,0.053,,0,109994.83860438826,0.04234321052947908,-0.4333346450745939,-0.32337281260839124
Burkina Faso,2005,BFA,56664819.5959556,441.164148016012,53.092,280.212,351.838,17.50115776,,24.0,0,128443.84533690385,0.039670398963074394,-0.4299048199947833,-0.3194683783596751
Burkina Faso,2006,BFA,67996281.7810241,455.513655620024,53.742,277.528,344.049,20.64653969,,22.0,0,149273.8602720279,0.04532584135572597,-0.42858716071329944,-0.3158559693808003
Burkina Faso,2007,BFA,84436174.1346809,514.684451177238,54.375,273.442,339.111,27.04532623,,28.0,0,164054.25487704165,0.052547393200123325,-0.42315373748301727,-0.3106150204388058
Burkina Faso,2008,BFA,99742143.2004595,619.437533256264,55.342,261.91,330.469,28.90426254,0.031,,0,161020.5030297958,0.0466621103633418,-0.41353467077532885,-0.30573556012021985
Burkina Faso,2009,BFA,96373875.8623851,601.569520671859,55.959,259.856,322.636,30.68659401,0.043,,0,160204.05381368153,0.051010885617555686,-0.4151754206375004,-0.30680934556613904
Burkina Faso,2010,BFA,120462189.137398,624.957252224766,56.477,255.623,319.932,32.8663559,0.044,,0,192752.6862174467,0.0525897663928214,-0.41302781652424664,-0.2991301213195746
Burkina Faso,2011,BFA,221068018.694094,725.024767725475,57.125,248.537,314.764,33.8243866,0.037,,1,304910.9886102535,0.046652732576450875,-0.4038390071090945,-0.26705752591378035
Burkina Faso,2012,BFA,209980744.386756,731.470138867833,57.619,244.882,310.083,33.78236771,0.046,,1,287066.7348249697,0.046184206182754414,-0.40324715383142784,-0.2705920891153284
Burkina Faso,2013,BFA,308469520.206762,759.762065168498,57.823,246.557,310.402,42.40937042,0.046,,1,406008.0574546065,0.05581927864560409,-0.40064921665407777,-0.23919439901321657
Burkina Faso,2014,BFA,396308040.732104,764.861675106225,58.359,239.949,306.192,38.37065506,0.047,35.0,1,518143.415509823,0.05016679003385943,-0.40018093937573307,-0.21119195281038278
Burkina Faso,2015,BFA,384985616.449515,630.124750752312,58.845,235.259,301.792,32.44025803,0.064,,1,610967.2981260885,0.051482278693654335,-0.4125533053016475,-0.21480148055473253
Burkina Faso,2016,BFA,397373892.542271,663.742364842886,59.326,229.907,297.436,39.64500427,0.062,,1,598686.9508266707,0.05972950706466408,-0.40946633099910046,-0.21085216500662776
Burkina Faso,2017,BFA,416839243.101534,709.091535894695,59.536,229.403,298.461,43.07155609,0.082,,1,587849.6949982457,0.060741884382605894,-0.4053020936055253,-0.2046467163197068
Burkina Faso,2018,BFA,455650092.23364,777.465618514048,60.047,223.989,292.891,39.00283813,0.083,39.0,1,586071.0510961417,0.050166640429123055,-0.39902356844197556,-0.1922740271121905
Burkina Faso,2019,BFA,467251841.7327,764.853077774946,60.039,225.045,299.581,41.07073212,0.091,30.0,1,610904.0485160816,0.053697544421838425,-0.4001817288351117,-0.18857545199659015
Burkina Faso,2020,BFA,524608104.841885,825.237038782475,59.731,231.071,311.696,54.17696762,0.096,,1,635705.9610604402,0.0656501890655935,-0.39463690535614526,-0.1702905849188579
Burkina Faso,2021,BFA,570950968.580105,895.535288442991,59.27,246.477,324.48,56.95098114,0.101,36.9673805236816,1,637552.730694488,0.06359434616922463,-0.3881816914426481,-0.15551673011172504
Burkina Faso,2022,BFA,523912790.75047,836.118304593682,59.766,240.675,318.367,,0.147,34.4900016784668,1,626601.2690692968,,-0.39363772118299484,-0.17051224729798806
Burkina Faso,2023,BFA,584392246.516695,882.689810086163,,,,,,,1,662058.4488900468,,-0.38936124158813484,-0.1512317232597698
Bahrain,2005,BHR,0.0,17966.1657837625,76.931,70.138,94.357,576.93890381,1.029,,0,0.0,0.0321125225467655,1.179347685429558,-0.3375328169777099
Bahrain,2006,BHR,0.0,19267.282615072,77.156,68.311,91.973,592.37512207,1.001,,0,0.0,0.03074513069147641,1.2988241661828452,-0.3375328169777099
Bahrain,2007,BHR,0.0,20908.4042548073,77.634,62.152,86.546,688.14367676,1.011,,0,0.0,0.032912300162829526,1.449521961557838,-0.3375328169777099
Bahrain,2008,BHR,0.0,23299.4992780392,78.084,60.269,79.417,741.85961914,0.993,,0,0.0,0.031840152884282595,1.6690868858198096,-0.3375328169777099
Bahrain,2009,BHR,0.0,19465.3140745038,78.461,59.485,73.671,841.48144531,0.974,,0,0.0,0.04322979028692866,1.317008622245516,-0.3375328169777099
Bahrain,2010,BHR,0.0,21819.3291098099,78.748,60.119,69.082,866.38623047,0.971,,0,0.0,0.03970728092095534,1.5331686359282508,-0.3375328169777099
Bahrain,2011,BHR,0.0,25032.7867743333,78.89,59.205,68.72,917.65301514,0.997,92.3000030517578,0,0.0,0.03665804464411014,1.8282479121071065,-0.3375328169777099
Bahrain,2012,BHR,0.0,26438.6733230428,79.081,56.802,67.232,1030.84655762,1.016,,0,0.0,0.03899010154649322,1.9573449871246846,-0.3375328169777099
Bahrain,2013,BHR,0.0,26989.7601148469,79.246,53.642,66.609,1111.21826172,0.994,,0,0.0,0.04117184654445023,2.007949136490816,-0.3375328169777099
Bahrain,2014,BHR,0.0,26451.7965647453,79.328,51.983,66.019,1123.62695313,0.976,,0,0.0,0.042478284995869024,1.9585500431941778,-0.3375328169777099
Bahrain,2015,BHR,0.0,23734.0551143019,79.405,51.933,64.528,1134.46166992,0.932,,0,0.0,0.04779889759489035,1.7089904523236843,-0.3375328169777099
Bahrain,2016,BHR,0.0,23800.001440631,79.557,49.919,63.291,1111.42993164,0.842,,0,0.0,0.0466987337968217,1.7150460461018993,-0.3375328169777099
Bahrain,2017,BHR,0.0,24784.7693514607,79.689,49.577,61.813,1098.74328613,,,0,0.0,0.044331390401470286,1.8054734401017796,-0.3375328169777099
Bahrain,2018,BHR,0.0,26324.4066549559,79.857,49.496,59.62,1049.0612793,,,0,0.0,0.03985127919692356,1.9468523249425447,-0.3375328169777099
Bahrain,2019,BHR,0.0,27259.7438599327,80.019,48.797,58.199,1024.39050293,,,0,0.0,0.03757887484906577,2.0327406901370626,-0.3375328169777099
Bahrain,2020,BHR,0.0,24342.8444554718,79.174,50.855,59.491,1105.3248291,,,0,0.0,0.04540656007238071,1.7648932016024614,-0.3375328169777099
Bahrain,2021,BHR,0.0,27147.8083882286,78.76,52.547,61.659,1146.47277832,,,0,0.0,0.04223076728422451,2.0224620926208003,-0.3375328169777099
Bahrain,2022,BHR,0.0,30616.2610677495,79.246,50.631,59.533,,,98.0,0,0.0,,2.3409565658583786,-0.3375328169777099
Bahrain,2023,BHR,0.0,29218.8605634137,,,,,,98.0,0,0.0,,2.21263873117717,-0.3375328169777099
Botswana,1995,BWA,55334979.8355581,3156.18194514079,55.059,405.995,557.788,,,,0,17532.252828691006,,-0.18059533157894284,-0.3198923240969918
Botswana,1996,BWA,43258571.7451534,3156.26865681161,54.357,429.612,556.589,,,,0,13705.605082696671,,-0.18058736918462087,-0.3237422178093689
Botswana,1997,BWA,40925961.6025508,3194.18106145858,53.448,453.805,563.429,,,,0,12812.661779374053,,-0.17710602102654982,-0.3244858413317115
Botswana,1998,BWA,36255880.4320047,2981.19639702109,52.523,477.016,578.733,,0.256,,0,12161.520276970941,,-0.1966635715470519,-0.3259746380004048
Botswana,1999,BWA,26360203.531478,3339.99596033431,51.694,498.772,591.988,,0.3,,0,7892.286051998557,,-0.16371640793428435,-0.32912932638074566
Botswana,2000,BWA,18540860.9679144,3450.81180622992,51.011,516.182,602.93,200.98800659,0.289,,0,5372.898323357324,0.058243688116270634,-0.15354062128645435,-0.3316220905822391
Botswana,2001,BWA,17907642.6621621,3206.07123689853,50.676,527.326,611.28,197.28829956,0.29,,0,5585.541099668605,0.06153584402287068,-0.1760141926196614,-0.3318239571600848
Botswana,2002,BWA,19073417.4869225,3117.25087183011,50.632,532.133,618.624,200.33074951,0.299,,0,6118.6661809239195,0.06426519960916319,-0.18417022010484635,-0.33145231443864853
Botswana,2003,BWA,27309329.1576155,4230.12326909926,50.947,529.813,613.393,262.04077148,0.288,81.0,0,6455.918047851736,0.061946367708522486,-0.08197949106833582,-0.32882675025438685
Botswana,2004,BWA,78656415.9593629,4956.69287735214,51.617,520.123,600.525,288.94662476,0.385,,0,15868.728990403186,0.05829423607830126,-0.015261439524124057,-0.31245757614673164
Botswana,2005,BWA,117744505.789808,5391.07076619634,52.61,503.403,589.476,273.51931763,0.246,,0,21840.65297901523,0.050735619970906275,0.02462578676278456,-0.29999650410109324
Botswana,2006,BWA,103859006.637737,5291.58379144849,53.918,485.979,541.747,250.76968384,0.306,,0,19627.206282848485,0.047390288753484076,0.015490286139292282,-0.3044231262786968
Botswana,2007,BWA,92191518.1508924,5529.12574632532,55.732,451.354,504.234,296.56552124,0.36,,0,16673.796614620907,0.053636964476183005,0.03730283680115423,-0.30814265862875256
Botswana,2008,BWA,46823196.335013,5503.07395314313,57.121,417.562,469.88,315.27059937,0.357,,0,8508.552989419579,0.05728990779597472,0.03491060230551108,-0.32260583473149085
Botswana,2009,BWA,15209029.1859779,5082.93388332404,58.279,382.267,457.187,326.95220947,0.338,,0,2992.17529385446,0.06432352200028738,-0.0036692206262274956,-0.3326842605695358
Botswana,2010,BWA,22321278.9239338,6215.73216077919,60.013,343.517,418.544,378.646698,0.392,,0,3591.0940733224347,0.06091747330897439,0.10035122422307358,-0.3304169137440532
Botswana,2011,BWA,20409878.2888146,7287.38295334919,60.53,317.959,414.743,415.58108521,0.384,,0,2800.7143880691046,0.05702747994312611,0.19875673417552928,-0.3310262579490429
Botswana,2012,BWA,18103143.9242752,6595.53845015424,60.8,317.474,406.493,405.96008301,0.377,,0,2744.756028804873,0.06155071129947039,0.1352273535071943,-0.33176163241301293
Botswana,2013,BWA,36004335.9432826,6666.91219583487,61.996,276.868,389.904,418.32351685,,86.8231811523438,0,5400.451496237821,0.06274621662354368,0.1417813260228825,-0.3260548290256058
Botswana,2014,BWA,46123119.0839999,7122.36423421503,62.608,257.907,375.821,402.45758057,,,0,6475.815834077914,0.05650617791163213,0.18360370921564023,-0.32282901558019
Botswana,2015,BWA,30045619.5721967,6141.20394726616,63.818,237.818,336.805,358.22320557,,,0,4892.464055940027,0.058331103908292756,0.09350758923727089,-0.3279544356403499
Botswana,2016,BWA,24622501.683518,6749.05994339013,65.464,198.163,297.446,369.84204102,0.353,,0,3648.2861154067386,0.054799045218469955,0.149324633083044,-0.32968329634999194
Botswana,2017,BWA,38956561.4682334,7104.96401088027,66.753,171.355,269.544,444.55603027,,,0,5483.006164222199,0.06256977932459952,0.18200591461462345,-0.325113675463972
Botswana,2018,BWA,44309897.4026306,7407.95940141786,65.422,218.279,288.806,419.6545105,0.377,,0,5981.3904209774455,0.05664913746958163,0.20982879882823027,-0.3234070608646812
Botswana,2019,BWA,59360104.1407768,7172.08956480028,65.464,208.597,302.053,408.89602661,0.368,,0,8276.542506121059,0.05701211939917909,0.18816979226034283,-0.31860913619557346
Botswana,2020,BWA,44222901.8878611,6323.31419156209,65.647,201.368,292.178,358.90551758,0.402,,0,6993.627162615563,0.056759083402644774,0.11023006224970672,-0.32343479456519947
Botswana,2021,BWA,60583609.6740258,7808.20623956293,61.141,289.76,399.51,457.46298218,0.392,,0,7758.966376561412,0.058587461466131405,0.24658190393261611,-0.3182190892358937
Botswana,2022,BWA,62238030.2194787,8329.04032229144,65.913,202.615,296.6,,0.378,,0,7472.413124583855,,0.2944080650915186,-0.31769166889634526
Botswana,2023,BWA,70025203.609462,7820.23240375076,,,,,,,0,8954.36350150877,,0.24768621965549936,-0.31520916005374433
Central African Republic,2005,CAF,0.0,311.950023138687,46.433,513.612,535.908,14.66589355,,,0,0.0,0.047013599814608203,-0.44177004879858034,-0.3375328169777099
Central African Republic,2006,CAF,0.0,333.942519903031,46.851,503.341,530.931,15.91440105,,,0,0.0,0.04765610876572761,-0.4397505636507806,-0.3375328169777099
Central African Republic,2007,CAF,0.0,380.887048839475,47.426,491.184,519.687,18.94978714,,,0,0.0,0.049751723503695174,-0.4354398307688592,-0.3375328169777099
Central African Republic,2008,CAF,0.0,437.24827472489,48.016,478.303,510.445,18.67624855,0.0405,,0,0.0,0.04271314406386352,-0.43026439935663685,-0.3375328169777099
Central African Republic,2009,CAF,0.0,456.471673898404,48.648,465.786,502.293,21.82637405,0.045,,0,0.0,0.04781539643762835,-0.4284991896336517,-0.3375328169777099
Central African Republic,2010,CAF,0.0,476.873786950728,49.255,453.944,494.549,16.40023994,,36.7526092529297,0,0.0,0.034391154197985975,-0.42662574321533964,-0.3375328169777099
Central African Republic,2011,CAF,0.0,534.057281471636,49.948,447.489,482.927,18.9371357,,,0,0.0,0.03545899729672679,-0.4213748060833859,-0.3375328169777099
Central African Republic,2012,CAF,0.0,544.395849142785,50.686,430.486,474.801,20.60425186,,,0,0.0,0.03784792241242069,-0.42042545576245016,-0.3375328169777099
Central African Republic,2013,CAF,0.0,364.36696260838,50.902,421.558,484.375,16.78926849,,,0,0.0,0.046077911042788564,-0.4369568058145556,-0.3375328169777099
Central African Republic,2014,CAF,0.0,409.8504859647,50.566,412.079,501.312,18.02748299,,,0,0.0,0.0439855108322421,-0.43278023137319366,-0.3375328169777099
Central African Republic,2015,CAF,0.0,366.322853938121,52.793,390.195,450.392,17.71483231,0.067,,0,0.0,0.04835852341604757,-0.43677720394699837,-0.3375328169777099
Central African Republic,2016,CAF,0.0,387.176203444318,53.46,377.95,447.193,20.25914001,,,0,0.0,0.05232537493207168,-0.4348623222461666,-0.3375328169777099
Central African Republic,2017,CAF,0.0,432.324025684263,53.721,368.61,454.778,27.64416504,,,0,0.0,0.06394316160487741,-0.43071657392818147,-0.3375328169777099
Central African Republic,2018,CAF,0.0,455.243962859534,54.369,360.536,441.58,49.17564392,0.066,37.0,0,0.0,0.10802041966929542,-0.4286119255469659,-0.3375328169777099
Central African Republic,2019,CAF,0.0,449.228467602439,55.025,357.25,431.28,33.9444313,,42.4427909851074,0,0.0,0.07556162119725758,-0.4291643049997645,-0.3375328169777099
Central African Republic,2020,CAF,0.0,462.879071294011,54.604,367.44,448.54,40.11012268,,37.4900016784668,0,0.0,0.08665356713551411,-0.4279108233369492,-0.3375328169777099
Central African Republic,2021,CAF,0.0,492.263142830507,53.895,378.354,472.339,42.92785645,0.021,,0,0.0,0.0872050997016867,-0.4252125987249057,-0.3375328169777099
Central African Republic,2022,CAF,0.0,467.359825026238,54.477,372.802,465.188,,,,0,0.0,,-0.4274993732087467,-0.3375328169777099
Central African Republic,2023,CAF,0.0,495.978897153068,,,,,,,0,0.0,,-0.42487139550693126,-0.3375328169777099
Cameroon,1995,CMR,11239141.9243085,832.006674487689,53.222,322.27,380.438,,,,0,13508.475675665752,,-0.39401527612917814,-0.3339498391996329
Cameroon,1996,CMR,13409964.6371449,826.965322327363,52.82,330.747,388.612,,0.074,,0,16215.872993809073,,-0.3944782038231867,-0.3332577926365928
Cameroon,1997,CMR,13564186.1214648,783.251601945462,52.737,332.344,390.934,,,,0,17317.78918520396,,-0.398492264164414,-0.33320862765985865
Cameroon,1998,CMR,22612526.2692594,798.745621406677,52.582,337.789,396.06,,,,0,28310.047233105717,,-0.3970695088257671,-0.33032406566247774
Cameroon,1999,CMR,15404277.0364073,796.262649784591,52.695,336.098,399.434,,,,0,19345.72347525599,,-0.3972975104195352,-0.33262201660874086
Cameroon,2000,CMR,22100034.1796201,708.565731625965,52.932,337.101,395.686,28.79333305,,68.0,0,31189.815133885393,0.04063607900416968,-0.4053503761594676,-0.3304874453742907
Cameroon,2001,CMR,16831585.0818213,715.470296470585,53.142,338.496,395.275,27.46539497,,,0,23525.204561043985,0.03838788990330806,-0.4047163569162166,-0.3321669985082818
Cameroon,2002,CMR,29456452.6251852,789.623811072554,53.415,342.096,391.114,31.41914558,,,0,37304.41282561402,0.03979001790399793,-0.39790712906908005,-0.3281422588828124
Cameroon,2003,CMR,75414618.5995415,988.241276791846,53.883,337.391,385.507,38.10652161,,,0,76311.94969346149,0.03855993723891621,-0.3796688623360345,-0.3134910436462519
Cameroon,2004,CMR,103389306.370281,1133.39326749673,54.178,335.716,384.747,41.7527771,0.186,,0,91221.03451225882,0.036838737530369585,-0.36634012151396744,-0.3045728641885822
Cameroon,2005,CMR,77019167.2179993,1142.62466252106,54.362,341.789,382.55,42.60778809,0.061,,0,67405.48295891499,0.03728939999946368,-0.3654924385362288,-0.3129795222078275
Cameroon,2006,CMR,130058704.554612,1191.45458990968,54.856,335.594,376.144,44.01630783,,,0,109159.59840691142,0.03694333649202419,-0.36100857687258453,-0.29607080400528
Cameroon,2007,CMR,167560280.239556,1325.67248215933,55.165,334.223,374.115,48.61966705,0.072,71.0,1,126396.43840733904,0.03667547430026272,-0.34868387163917913,-0.2841155041054351
Cameroon,2008,CMR,162670388.475588,1492.14269801453,55.655,327.49,368.844,53.99885559,,,1,109017.98379742094,0.03618880128680171,-0.33339756140015014,-0.2856743752048031
Cameroon,2009,CMR,185112093.172528,1461.38999232337,56.102,323.111,363.508,50.604702,0.07,,1,126668.51021624294,0.03462778742555014,-0.33622146234525085,-0.2785200808847543
Cameroon,2010,CMR,114971017.942742,1398.58702025047,56.582,316.641,360.66,49.50485611,0.086,71.0,0,82205.12294054616,0.03539633601142264,-0.341988414169681,-0.30088067705581956
Cameroon,2011,CMR,219542284.801707,1513.96056994878,57.133,311.645,354.076,57.71255493,0.09,,1,145011.89077145816,0.038120249678597985,-0.3313941113689899,-0.2675439216429648
Cameroon,2012,CMR,210407729.586195,1449.09874362279,57.792,304.131,347.23,56.3600235,,,1,145199.02836998494,0.038893156003364036,-0.33735011974439527,-0.2704559685385565
Cameroon,2013,CMR,244128551.991109,1575.92882118897,58.476,295.688,339.178,56.61405563,,,1,154910.89997765547,0.035924246621295466,-0.3257038087009644,-0.2597059523763821
Cameroon,2014,CMR,283337565.91589,1649.4433905949,58.935,289.288,338.369,61.80369186,,,1,171777.68423668024,0.037469422844338685,-0.31895325269756997,-0.24720633038220158
Cameroon,2015,CMR,241706990.04708,1415.00009710569,59.658,278.456,329.934,50.31904221,,,1,170817.64908813735,0.03556115813202064,-0.34048126537734597,-0.2604779332528694
Cameroon,2016,CMR,268951584.734338,1441.7201725688,60.233,276.406,319.044,51.2496109,,,1,186549.08896442136,0.03554754374330871,-0.3380276651279497,-0.2517925035292683
Cameroon,2017,CMR,316800671.404731,1496.08951771242,60.81,269.912,311.281,50.27867889,,,1,211752.48382806111,0.03360673161247603,-0.3330351403505376,-0.23653847298174963
Cameroon,2018,CMR,333554498.390558,1610.69641591017,61.18,260.402,314.242,57.7002182,0.13,72.5471267700195,1,207087.13019769994,0.03582314930985604,-0.32251123616513383,-0.2311974433735966
Cameroon,2019,CMR,355550645.811703,1555.22660476477,61.584,260.365,305.191,56.18640518,,,1,228616.61748995126,0.03612747171882278,-0.32760481244070305,-0.22418519030801232
Cameroon,2020,CMR,334097288.504642,1555.60370660749,60.833,265.145,329.202,58.0969696,0.097,78.2300033569336,1,214770.1802750599,0.03734689584065065,-0.3275701846502006,-0.23102440481513542
Cameroon,2021,CMR,430097112.097775,1672.32657340872,60.333,280.714,340.068,63.78601837,0.124,,1,257184.88179082377,0.03814208264357381,-0.31685197932592535,-0.2004201792479178
Cameroon,2022,CMR,562660764.308562,1604.87726954895,60.958,273.611,330.334,,0.135,,1,350594.2634895051,,-0.32304558566511465,-0.15815960248407343
Cameroon,2023,CMR,786560477.899988,1736.86091073524,,,,,,,1,452863.25061402004,,-0.31092604298725074,-0.0867815823719867
"Congo, Dem. Rep.",2005,COD,8900000.0,203.561668860749,53.927,299.874,349.555,8.88715935,,,0,43721.39435587084,0.04365831445447357,-0.4517229283649259,-0.3346955450187256
"Congo, Dem. Rep.",2006,COD,12800000.0,238.417639415512,54.534,293.997,343.96,10.77356529,,,0,53687.302799321325,0.04518778609003813,-0.44852224062120344,-0.33345224607040663
"Congo, Dem. Rep.",2007,COD,8800000.0,267.88850879878,54.923,294.081,339.957,11.98260307,,61.2055511474609,0,32849.48667436114,0.04472981362183226,-0.4458160457016366,-0.3347274244789389
"Congo, Dem. Rep.",2008,COD,14700000.0,307.319638606745,55.339,290.257,338.34,15.89509487,,,0,47832.934031301986,0.051721702335918135,-0.44219523893915685,-0.3328465363263538
"Congo, Dem. Rep.",2009,COD,19500000.0,280.798051526498,55.836,283.879,337.885,13.18276978,0.091,,0,69444.92632335752,0.04694751159537866,-0.44463061277499494,-0.33131632223611507
"Congo, Dem. Rep.",2010,COD,15700000.0,314.53858629844,56.417,279.006,330.062,12.53950882,,,0,49914.38470160717,0.03986636096883288,-0.4415323511460001,-0.3325277417242207
"Congo, Dem. Rep.",2011,COD,1127500000.0,364.714191777632,57.069,272.029,322.34,12.27988434,,,1,3091461.8224876816,0.03366988347820341,-0.43692492111507375,0.021908096927325243
"Congo, Dem. Rep.",2012,COD,855853174.59244,400.059901824342,57.248,273.24,323.133,13.62572193,,75.0,1,2139312.564667447,0.03405920430381641,-0.4336792625051111,-0.06469144469918907
"Congo, Dem. Rep.",2013,COD,1001358241.28659,431.191528160935,57.762,266.303,320.187,15.86667633,0.087,,1,2322304.9987959177,0.03679728216756158,-0.4308205667559529,-0.01830521485408188
"Congo, Dem. Rep.",2014,COD,756410387.642135,458.004541775676,58.296,259.917,314.684,18.79024887,,,1,1651534.687209748,0.04102633741829397,-0.428358432358802,-0.09639326840001508
"Congo, Dem. Rep.",2015,COD,1166568218.32676,467.9145805459,58.49,259.266,315.912,19.13417244,,,1,2493122.178338116,0.04089244754390174,-0.4274484321744193,0.03436283404485258
"Congo, Dem. Rep.",2016,COD,593480274.784826,442.310472110228,59.066,251.772,310.328,19.91032028,,77.0,1,1341773.0580815303,0.04501435424987668,-0.4297995575269681,-0.1483345089038569
"Congo, Dem. Rep.",2017,COD,1076294914.6231,436.584534687385,59.411,251.583,305.592,18.74936485,,,1,2465261.201690934,0.04294555432071231,-0.4303253480139041,0.005584192107406598
"Congo, Dem. Rep.",2018,COD,1822706175.76018,528.256019777898,59.942,243.992,302.056,17.87852287,0.362,73.5530319213867,1,3450421.968738805,0.03384442808151418,-0.4219075133041503,0.24353607312924416
"Congo, Dem. Rep.",2019,COD,2076317927.82742,557.044161335917,60.276,238.474,301.147,19.85771751,0.167,,1,3727384.7783413497,0.035648372047158226,-0.41926401061629565,0.3243861307257904
"Congo, Dem. Rep.",2020,COD,1196048014.07299,507.521230077872,59.739,248.709,313.209,21.25385666,,,1,2356646.2705204925,0.04187776865361651,-0.42381150812068447,0.043760833800736074
"Congo, Dem. Rep.",2021,COD,1347879531.24334,558.034077296358,59.193,256.021,335.196,22.32123756,0.177,,1,2415407.2055486944,0.039999775046257166,-0.41917311049699124,0.09216390190831804
"Congo, Dem. Rep.",2022,COD,3261877235.07526,642.612265820033,59.743,249.974,328.119,,0.187,80.5400009155273,1,5075964.790234437,,-0.41140662552797697,0.7023360383850225
"Congo, Dem. Rep.",2023,COD,3298265099.18365,627.502181690836,,,,,,,1,5256181.0865681935,,-0.4127941255834683,0.7139362930459288
"Congo, Rep.",1995,COG,4239220.01993526,769.606794842829,53.644,424.932,429.767,,0.251,,0,5508.293388705077,,-0.3997452135490894,-0.3361813765181001
"Congo, Rep.",1996,COG,7819335.34724702,898.794050151577,53.491,420.004,427.962,,,,0,8699.807643284164,,-0.387882452072911,-0.33504005507673923
"Congo, Rep.",1997,COG,4574507.63474941,804.304050086499,47.19,446.724,638.242,,,,0,5687.535247718128,,-0.3965591000129667,-0.33607448863633527
"Congo, Rep.",1998,COG,1937446.49863673,660.379775085784,50.894,432.083,497.903,,0.734,,0,2933.8368189502075,,-0.40977510449332333,-0.3369151694920229
"Congo, Rep.",1999,COG,11666412.4196063,776.416349733937,52.757,414.422,438.267,,,,0,15025.974689487357,,-0.3991199186990742,-0.3338136276720812
"Congo, Rep.",2000,COG,10352873.0727615,1024.30159109181,53.682,401.451,411.302,17.44675827,,,0,10107.250796834458,0.017032833319533734,-0.37635758440637995,-0.33423237692554475
"Congo, Rep.",2001,COG,12119417.8945795,854.598314408095,54.395,391.138,394.981,20.41893959,,,0,14181.420312036953,0.023893025817798858,-0.391940774003632,-0.333669211971923
"Congo, Rep.",2002,COG,1176490.49976873,905.538135544704,55.088,380.562,386.864,17.09034348,,,0,1299.21695573985,0.01887313500023909,-0.3872631690313877,-0.3371577581569228
"Congo, Rep.",2003,COG,12388155.7326253,1016.82363412143,55.948,369.992,374.549,21.64731407,,,0,12183.190198297352,0.021289153146704747,-0.37704425601076336,-0.3335835397997651
"Congo, Rep.",2004,COG,14954054.8220439,1306.10136324599,56.986,357.889,360.682,27.67554474,0.213,,0,11449.383059274449,0.02118943101875288,-0.3504810111088274,-0.3327655450204403
"Congo, Rep.",2005,COG,11379620.3626781,1799.05158366154,58.126,341.408,344.882,31.10122681,,76.0,0,6325.344123550698,0.01728756812336691,-0.3052153162038343,-0.3339050554317646
"Congo, Rep.",2006,COG,13207621.661714,2103.5821381211,58.878,336.054,339.404,36.16910553,0.205,,0,6278.633680313965,0.017194054310760556,-0.277251463878554,-0.3333222984849397
"Congo, Rep.",2007,COG,16687081.7739817,2206.47101863414,59.643,324.641,333.974,42.22277832,0.101,,0,7562.792184014915,0.019135886201730828,-0.26780357952525463,-0.3322130653828114
"Congo, Rep.",2008,COG,21717486.771713,2832.09177777643,60.426,314.536,325.259,63.7890892,,,0,7668.355574537251,0.022523665970346114,-0.21035526682201167,-0.33060939942299145
"Congo, Rep.",2009,COG,34089356.1430094,2271.15219175966,61.088,302.287,318.376,48.9272995,,,0,15009.71897290485,0.021542941806155114,-0.2618641598282136,-0.3266653142491267
"Congo, Rep.",2010,COG,33137005.1187299,2946.55798067708,61.683,287.175,313.485,54.86231995,0.111,,0,11246.004774396279,0.018619121127015244,-0.19984428213664923,-0.32696891861500293
"Congo, Rep.",2011,COG,62226176.1618155,3396.16505817952,61.992,283.893,313.431,59.84463501,0.158,79.3111724853516,0,18322.482887557653,0.01762123865736935,-0.15855861889017625,-0.3176954479059417
"Congo, Rep.",2012,COG,68345052.9781772,3732.32737320389,62.317,283.037,305.779,71.6878891,,,0,18311.644757868253,0.019207288624969135,-0.12769014544143348,-0.3157447830057684
"Congo, Rep.",2013,COG,72057151.4560363,3697.41705884249,62.695,269.144,306.87,72.29035187,,,0,19488.51057624385,0.019551581744643963,-0.13089582336483196,-0.3145613860484405
"Congo, Rep.",2014,COG,41593306.5848079,3601.2365808718,62.95,268.536,305.682,71.47676086,,,0,11549.729003013417,0.019847838167493193,-0.13972770129353554,-0.3242730953536073
"Congo, Rep.",2015,COG,29796433.4266576,2439.35189403696,63.233,269.708,297.229,57.67850113,,,0,12214.897530567658,0.023645010492744464,-0.2464190376007061,-0.3280338748384741
"Congo, Rep.",2016,COG,7710018.0691236,2093.10728558843,63.577,256.0,300.37,54.67388153,0.102,,0,3683.5274150584696,0.026120916928837536,-0.2782133287064446,-0.33507490483492486
"Congo, Rep.",2017,COG,0.0,2211.63309874797,63.76,254.995,299.231,52.68054199,,,0,0.0,0.023819747506864063,-0.26732956585444057,-0.3375328169777099
"Congo, Rep.",2018,COG,0.0,2694.43413191427,64.053,254.228,290.9,47.67589569,0.1,,0,0.0,0.017694214575632805,-0.22299583120533484,-0.3375328169777099
"Congo, Rep.",2019,COG,26242892.954918,2488.42466724916,62.747,264.087,315.626,58.90272522,,,0,10545.986503151138,0.02367068852645408,-0.24191287635283643,-0.3291667243593261
"Congo, Rep.",2020,COG,12632343.286696,1993.586671931,63.785,249.061,304.313,80.80835724,,,0,6336.490639988197,0.04053415804677735,-0.2873519182597211,-0.3335056941256193
"Congo, Rep.",2021,COG,43959696.1855082,2516.16255145432,63.519,258.57,305.437,80.5149231,,80.6100006103516,0,17470.928561471468,0.03199909443587541,-0.23936581469885773,-0.3235187031223602
"Congo, Rep.",2022,COG,43959696.1855081,2620.83804267402,63.053,263.389,311.581,,0.175,,0,16773.144875696467,,-0.22975387285696752,-0.32351870312236025
"Congo, Rep.",2023,COG,43959696.1855081,2477.97845544866,,,,,,,0,17740.1446283151,,-0.24287211121406796,-0.32351870312236025
Comoros,1995,COM,12212938.080829,812.215996806703,58.015,267.934,311.569,,,,0,15036.564323831612,,-0.3958325768235879,-0.3336393982413562
Comoros,2003,COM,32042448.3619059,959.787894504834,59.258,248.143,302.343,63.81992722,,,0,33384.92655029472,0.06649378220479167,-0.3822816253864968,-0.3273178574008067
Comoros,2004,COM,48705002.1565651,1091.27216412426,59.48,241.161,303.249,70.50469971,0.198,,0,44631.39788381811,0.06460780548414304,-0.37020793805072166,-0.3220059251933175
Comoros,2005,COM,54055725.5272443,1103.20658498402,59.604,240.726,304.012,67.78135681,0.196,,0,48998.73356722875,0.06144031202549595,-0.36911204675960857,-0.32030014346523766
Comoros,2006,COM,63197512.5772676,1154.90422349749,59.875,239.743,299.541,65.70906067,,,0,54720.99875596736,0.05689567960103906,-0.36436485437517946,-0.3173857910998402
Comoros,2007,COM,74045486.7648803,1289.73631056361,60.102,235.485,300.406,69.87508392,,,0,57411.33761871269,0.05417780622882893,-0.35198375002879434,-0.31392751548475045
Comoros,2008,COM,101325440.0737,1455.02768595586,60.475,234.545,294.253,73.73594666,,,0,69638.1526287836,0.05067666228739847,-0.33680568810881995,-0.3052308136234566
Comoros,2009,COM,100407532.58457,1410.30516959473,60.831,225.852,294.871,69.42589569,0.199,,0,71195.60698584368,0.04922756945573026,-0.3409123822477939,-0.3055234375762487
Comoros,2010,COM,87252086.9209346,1386.5742428453,61.123,225.858,289.763,69.0898819,,,0,62926.372223596336,0.049827755171785885,-0.3430915006365572,-0.30971732264247065
Comoros,2011,COM,108173891.044576,1531.43789372951,61.503,218.575,288.773,80.95452881,,,0,70635.50633525214,0.05286177724964835,-0.32978923693491946,-0.30304756442096836
Comoros,2012,COM,110203511.03063,1490.31511351281,61.834,218.196,282.022,76.77297974,0.18,49.1961402893066,0,73946.44933236312,0.0515145951644005,-0.33356538135243297,-0.30240053252503296
Comoros,2013,COM,0.0,1603.32797107303,62.224,210.041,281.391,81.4433136,,,0,0.0,0.05079641537438776,-0.3231878516977145,-0.3375328169777099
Comoros,2014,COM,159817450.26804,1615.71723662012,62.516,210.388,275.494,84.27106476,,,1,98914.2447984019,0.05215706241785513,-0.3220501937940853,-0.28658387650558853
Comoros,2015,COM,131866003.262064,1329.37048235986,62.896,201.327,275.358,60.86703491,,,0,99194.32168222909,0.045786359572201875,-0.3483442987129419,-0.2954946469329022
Comoros,2016,COM,116745529.667133,1365.48403444497,63.237,201.614,268.429,63.14864731,0.29,,0,85497.5427922793,0.04624634614323273,-0.34502813216524847,-0.3003149722966619
Comoros,2017,COM,131598332.34445,1423.9248027797,63.625,191.944,268.49,74.52148438,,,0,92419.43962739583,0.05233526674619591,-0.3396617444857313,-0.2955799789765856
Comoros,2018,COM,172620209.645371,1540.71132257526,63.912,191.7,263.567,74.43584442,0.283,,1,112039.29452328595,0.04831264840423342,-0.3289376941554051,-0.2825024259236869
Comoros,2019,COM,168546820.183138,1519.26386436068,64.068,192.742,262.808,77.80075073,,,1,110939.79402588111,0.05120950517883822,-0.33090713054030085,-0.28380100049663254
Comoros,2020,COM,226655757.839161,1527.16991011916,64.166,186.394,262.788,88.67053223,0.439,,1,148415.54717475793,0.05806199535654899,-0.33018114921320746,-0.26527618483620535
Comoros,2021,COM,287990718.065728,1584.12450153608,63.417,201.161,280.901,99.03723907,,,1,181798.0327849684,0.0625185955863737,-0.3249512313599533,-0.2457229305939293
Comoros,2022,COM,281839150.837667,1489.49566257969,63.68,197.783,275.396,,,61.7099990844727,1,189217.83924469014,,-0.333640628333552,-0.24768401702089388
Comoros,2023,COM,305575360.886596,1590.31237688317,,,,,,,1,192148.01150292796,,-0.3243830229162379,-0.24011704138219858
Cabo Verde,1995,CPV,105860860.513533,1165.13832331934,64.093,207.745,291.824,,,,0,90856.90376396515,,-0.3634250969291384,-0.3037849460688338
Cabo Verde,1996,CPV,100349713.287571,1179.51522705182,65.763,184.299,273.139,,0.171,,0,85077.08165700713,,-0.36210492196809607,-0.3055418700560312
Cabo Verde,1997,CPV,76416556.3624656,1133.57422614008,66.378,173.451,272.771,,,,0,67412.04466395703,,-0.3663235047879755,-0.3131716312957584
Cabo Verde,1998,CPV,73741557.0460778,1186.74294773086,66.993,169.77,266.097,,,,0,62137.76722842727,,-0.36144122858574984,-0.31402440663853254
Cabo Verde,1999,CPV,79715583.7524235,1326.74466945164,67.569,163.229,266.157,,,,0,60083.59075252282,,-0.3485854168645493,-0.31211991917155074
Cabo Verde,2000,CPV,89761166.1532951,1189.51479345891,68.618,144.918,265.237,58.89910889,,76.1104431152344,0,75460.31932254045,0.04951523866191798,-0.36118670081021936,-0.30891744172686986
Cabo Verde,2001,CPV,80954171.1337339,1223.33055331575,69.929,132.126,246.257,62.78510284,,,0,66175.22215423576,0.051323088980182396,-0.3580815315552591,-0.31172506420011886
Cabo Verde,2002,CPV,85021681.6857538,1328.57874270666,70.705,122.703,239.94,68.21862793,,,0,63994.46186572469,0.051347071676776136,-0.34841700107537465,-0.3104283637920156
Cabo Verde,2003,CPV,108444935.563724,1717.97565369655,71.429,113.912,232.484,83.48031616,,,0,63123.674267667404,0.048592257975470315,-0.31266020243766157,-0.3029611568913262
Cabo Verde,2004,CPV,113427832.59142,1929.49081468781,71.999,104.407,228.898,92.04717255,0.493,,0,58786.40713289559,0.0477054214766465,-0.29323759068359884,-0.3013726362159118
Cabo Verde,2005,CPV,136692598.596987,2004.14680417563,72.68,99.711,213.133,94.58552551,,,1,68204.88315136828,0.04719490873269938,-0.2863822225287022,-0.2939559543934481
Cabo Verde,2006,CPV,136573208.356251,2256.99666191075,72.239,99.835,222.929,111.28134918,,,1,60511.03692844169,0.049305057051254285,-0.26316400688948305,-0.29399401535774217
Cabo Verde,2007,CPV,138793676.267285,3324.57675212498,72.835,89.089,216.889,125.57421875,,,1,41747.773210100146,0.037771490361814125,-0.16513229364763635,-0.2932861421734948
Cabo Verde,2008,CPV,155035990.797435,3908.64885822576,72.508,95.849,212.941,125.53510284,,,1,39664.855150945936,0.03211726286842347,-0.11149923160135623,-0.2881081799751355
Cabo Verde,2009,CPV,135620281.024167,3659.72046361628,73.088,82.839,211.207,127.79914856,0.487,,0,37057.55190115163,0.03492046724074598,-0.13435735458603357,-0.2942978034474356
Cabo Verde,2010,CPV,130909874.536165,3579.46006137809,73.499,79.925,203.978,142.87771606,0.56,,0,36572.51995871265,0.039915996717390996,-0.14172735409146706,-0.2957994556096632
Cabo Verde,2011,CPV,176875019.612974,4002.01386888785,74.257,74.558,193.617,152.28347778,0.554,,1,44196.50341244997,0.03805171165544192,-0.10292588704768314,-0.28114601547291307
Cabo Verde,2012,CPV,176969700.272847,3736.81517011087,74.484,79.451,182.879,167.49281311,0.487,85.0,1,47358.43016490333,0.044822343489102925,-0.12727804856598088,-0.2811158317896192
Cabo Verde,2013,CPV,175918335.416559,3960.97596791345,75.059,69.637,185.747,181.29548645,0.571,,1,44412.87623091253,0.04577040808089079,-0.10669423733563428,-0.28145100123067623
Cabo Verde,2014,CPV,196981864.56991,3985.60706548134,75.24,68.719,185.294,181.44195557,,,1,49423.30273245854,0.045524295945136614,-0.10443245977370652,-0.2747360618347154
Cabo Verde,2015,CPV,200903517.81206,3415.06266730931,74.62,73.421,196.447,139.48536682,0.743,87.0,1,58828.64749019368,0.04084416024198436,-0.15682332519544623,-0.27348585994968033
Cabo Verde,2016,CPV,211373829.22032,3608.96606551232,75.742,66.352,181.065,144.32522583,0.731,,1,58569.08194295085,0.039990740619366826,-0.1390179328848397,-0.27014798119007477
Cabo Verde,2017,CPV,216552201.969857,3893.09572292025,76.593,61.795,169.145,165.03762817,,,1,55624.67953072036,0.042392388966537825,-0.11292741531727345,-0.2684971439096894
Cabo Verde,2018,CPV,234507466.969779,4294.96510456428,75.733,67.108,181.839,178.77836609,0.791,,1,54600.55233523709,0.04162510328663936,-0.07602531837567507,-0.2627731023478454
Cabo Verde,2019,CPV,215024389.588415,4380.7811916403,76.004,64.704,179.193,171.77171326,,,1,49083.572126071704,0.039210292809827234,-0.068145162013743,-0.26898420224996517
Cabo Verde,2020,CPV,234138375.784112,3539.22662027109,74.808,69.487,192.178,196.26963806,,,1,66155.23697834811,0.05545551588470098,-0.14542183396935865,-0.26289076662553096
Cabo Verde,2021,CPV,314508173.969034,3971.4440744985,74.052,74.232,203.608,247.90794373,,,1,79192.39653620176,0.062422619853032914,-0.10573299196178625,-0.2372693087896537
Cabo Verde,2022,CPV,315278933.416779,4323.31362665974,74.722,71.117,194.151,,,91.0,1,72925.29773288005,,-0.07342218422736531,-0.23702359483816957
Cabo Verde,2023,CPV,316378231.531871,4850.98415849643,,,,,,,1,65219.3907864529,,-0.024968258627453842,-0.23667314453294316
Djibouti,1995,DJI,11889422.1842101,786.201866748458,56.302,281.233,341.106,,0.191,,0,15122.607420638535,,-0.398221352861547,-0.33374253336290255
Djibouti,1996,DJI,10944120.2784139,761.943659476655,56.186,285.338,344.447,,0.14,,0,14363.424568597273,,-0.4004488893628632,-0.3340438905078565
Djibouti,1997,DJI,11473039.2018951,748.232840194914,55.967,290.446,349.674,,,,0,15333.514630160287,,-0.40170790038832044,-0.33387527401008465
Djibouti,1998,DJI,11940063.3577349,735.349107889529,56.176,292.715,344.282,,,,0,16237.27183405878,,-0.40289096324460955,-0.33372638923013714
Djibouti,1999,DJI,11563067.954828,740.21930978973,56.427,287.4,345.985,,0.129,,0,15621.137954524122,,-0.4024437516110407,-0.3338465733296129
Djibouti,2000,DJI,12288924.7753501,737.612183644052,56.573,290.386,340.946,35.74236679,,,0,16660.414575364906,0.04845685521817264,-0.40268315383017256,-0.33361517409330893
Djibouti,2001,DJI,11945690.1547932,742.133791107063,56.903,286.43,338.982,33.86995316,,,0,16096.410509718819,0.045638607978589936,-0.4022679522633121,-0.3337245954376077
Djibouti,2002,DJI,14956026.5809893,743.013270420348,57.215,284.985,334.731,39.82229614,,,0,20128.882183393795,0.05359567281681411,-0.40218719311031514,-0.3327649164343318
Djibouti,2003,DJI,24667878.3036332,764.634465224597,57.595,278.727,333.114,46.68310547,,,0,32261.007612817288,0.06105283974648948,-0.4002018031724315,-0.3296688305284362
Djibouti,2004,DJI,24741026.6653912,806.261652944964,57.759,278.826,329.631,40.42881012,0.158,,0,30686.101186905933,0.050143535876137846,-0.3963793409824063,-0.32964551122555286
Djibouti,2005,DJI,25849505.6858784,844.4483573908,58.316,267.828,329.791,45.57660675,0.169,,0,30611.11488895416,0.053972047374008604,-0.39287280494431465,-0.3292921340972438
Djibouti,2006,DJI,28471593.1150511,898.464628136774,58.715,266.532,322.47,53.81796265,0.218,,0,31689.164184565812,0.05989992367491094,-0.38791270161089575,-0.32845622677850256
Djibouti,2007,DJI,28640397.0268004,969.573220191902,59.024,258.778,324.621,55.77771378,,,0,29539.179125772236,0.05752810888172039,-0.38138307711782293,-0.32840241300261797
Djibouti,2008,DJI,30328436.1442936,1119.15233346969,59.365,257.529,320.295,56.53337097,,,0,27099.470945359903,0.05051445569945827,-0.3676478109076079,-0.32786427524377165
Djibouti,2009,DJI,32466619.0264515,1150.9375857489,59.673,256.546,315.43,57.57979965,,,0,28208.844187954724,0.05002860308235879,-0.36472909523904384,-0.32718263408256637
Djibouti,2010,DJI,32641049.7352592,1213.23352553429,60.259,245.842,310.56,56.37421417,,,0,26904.177182941403,0.04646608668778225,-0.3590087022107819,-0.32712702651415226
Djibouti,2011,DJI,32359709.8823437,1306.34552844977,60.433,245.874,309.601,62.67469025,,,0,24771.172080900153,0.04797711546069711,-0.3504585903710673,-0.32721671614062664
Djibouti,2012,DJI,33265624.2087316,1400.19357858954,60.848,237.096,308.916,65.69985962,,,0,23757.875137694267,0.046921983234762134,-0.34184089018731595,-0.32692791554337913
Djibouti,2013,DJI,39787081.9993135,2074.29668941495,61.221,237.036,301.052,61.38714981,,,0,19180.99864997391,0.029594199384907705,-0.27994063234098193,-0.32484891000170296
Djibouti,2014,DJI,37879597.7965463,2208.67810285113,61.641,225.372,303.382,66.44046021,0.203,,0,17150.347869908444,0.030081549739744144,-0.2676009115951912,-0.3254570056691992
Djibouti,2015,DJI,39713933.6375555,2376.12554719873,61.957,224.184,299.039,80.65351105,,,0,16713.73538505791,0.0339432868541329,-0.25222486627753266,-0.3248722293045863
Djibouti,2016,DJI,40237225.7639784,2510.4300076241,62.191,222.784,296.644,69.79541779,,,0,16028.021351632651,0.027802176351475017,-0.2398922118264003,-0.32470540659934394
Djibouti,2017,DJI,41323197.5962323,2618.95521147369,62.797,211.645,291.386,65.55883026,,,0,15778.504884388489,0.02503243658875325,-0.22992676589797256,-0.32435920464115287
Djibouti,2018,DJI,59857867.1063071,2718.0853229414,63.038,210.088,289.534,64.47797394,,,0,22022.07068376035,0.023721835880495683,-0.22082403463676592,-0.3184504520490206
Djibouti,2019,DJI,79461628.0574608,2837.17103336917,63.085,211.945,289.928,62.30675125,,,0,28007.3450359104,0.02196087247373666,-0.20988885860373024,-0.3122008788762858
Djibouti,2020,DJI,64055457.7118067,2881.99924450145,62.694,213.047,301.584,62.75099945,,,0,22226.049446063436,0.021773426752183325,-0.2057724589264163,-0.31711228282202286
Djibouti,2021,DJI,79433494.0721693,3019.69343880209,62.305,222.236,310.975,87.74766541,,,0,26305.15172549453,0.02905846808237906,-0.193128538442625,-0.3122098478389332
Djibouti,2022,DJI,56560555.7507071,3231.30015326477,62.859,216.771,303.327,,,,0,17503.962203437117,,-0.1736975196905873,-0.31950161711073793
Djibouti,2023,DJI,58592613.0400753,3554.83918868372,,,,,,,0,16482.493280313724,,-0.14398819274316405,-0.3188538082156622
Algeria,1995,DZA,1120000000.0,1466.94806760415,67.454,155.379,213.963,,0.846,,1,763489.8772041788,,-0.3357110859837053,0.019517137411327226
Algeria,1996,DZA,880000000.0,1616.83198721285,68.749,144.067,187.98,,,,1,544274.2393518414,,-0.32194783059768967,-0.0569935671006093
Algeria,1997,DZA,1060000000.0,1628.76100561506,69.171,137.47,183.983,,,,1,650801.4351680271,,-0.32085243539316927,0.00038946128334309423
Algeria,1998,DZA,1060000000.0,1603.36623200836,69.451,132.986,181.296,,1.0,,1,661109.0958752792,,-0.32318433834534405,0.00038946128334309423
Algeria,1999,DZA,790000000.0,1596.11822239025,70.032,129.706,164.327,,,,1,494950.8055969337,,-0.32384989478178355,-0.0856850812925855
Algeria,2000,DZA,790000000.0,1772.92869122761,70.478,122.518,159.175,62.11769485,,,1,445590.39735150815,0.03503677003895092,-0.30761407946628583,-0.0856850812925855
Algeria,2001,DZA,670000000.0,1896.30020878013,70.823,118.536,152.528,67.33850098,,,1,353319.5835225921,0.03551046436013323,-0.29628535449119464,-0.12394043354855376
Algeria,2002,DZA,1070000000.0,1937.46411413019,71.23,115.008,147.159,66.94760132,1.118,70.0,1,552268.2934854608,0.034554240685926524,-0.29250543371318366,0.003577407304673783
Algeria,2003,DZA,1750000000.0,2283.77299346126,71.287,118.187,143.015,76.23547363,,,1,766275.8098158085,0.03338137102429712,-0.2607052408631314,0.2203577367551606
Algeria,2004,DZA,2460000000.0,2816.99384960555,71.762,111.231,138.371,93.02433014,,,1,873271.342194965,0.03302255351144119,-0.21174165064329167,0.4467019042696395
Algeria,2005,DZA,169999999.999993,3233.13339634212,72.061,108.282,134.892,101.30373383,1.03,,1,52580.5709694275,0.03133298921245016,-0.1735291801333881,-0.28333773461509043
Algeria,2006,DZA,189000000.000008,3660.66104745322,72.334,104.914,132.766,117.43313599,,73.0,1,51630.0191550098,0.032079762225377326,-0.1342709844431019,-0.27728063717455737
Algeria,2007,DZA,99004563.3476434,4167.45169937531,72.602,101.135,131.201,151.77920532,1.202,,0,23756.619269872743,0.03642014743512235,-0.08773437672788552,-0.30597069659593973
Algeria,2008,DZA,103631887.21223,5180.91881514686,72.941,97.348,127.462,207.84881592,,75.0,0,20002.60782107863,0.040118137985937205,0.005328353257478992,-0.304495530725588
Algeria,2009,DZA,150336961.494535,4235.42990456612,73.62,89.853,121.076,208.93501282,,,1,35495.08901858113,0.049330296458159284,-0.08149220344360893,-0.2896062051521651
Algeria,2010,DZA,196589288.017747,4912.78585503672,73.808,89.837,117.447,230.06391907,,,1,40015.847182957994,0.0468296249538604,-0.019293250027507383,-0.27486121312046896
Algeria,2011,DZA,202869816.188342,5916.31364364343,74.123,86.684,115.023,288.31332397,,,1,34289.90219379396,0.048731920134046286,0.0728567903345007,-0.2728590146411386
Algeria,2012,DZA,214841268.635457,6033.64884689543,74.202,84.511,116.076,336.67266846,,,1,35607.18796984714,0.05579918172288605,0.08363122412528609,-0.2690425802213056
Algeria,2013,DZA,209601443.444637,5979.60138960585,74.615,81.315,111.636,333.16027832,,,1,35052.745122606415,0.055716135008450865,0.07866825705327948,-0.27071300820825994
Algeria,2014,DZA,2452442617.07256,6094.69392314956,75.11,76.294,107.89,361.15942383,,,1,402389.7915131412,0.05925800842240874,0.08923675523721476,0.444292651386119
Algeria,2015,DZA,1997393458.35396,4685.05902729002,75.622,73.471,101.649,292.275177,,,1,426332.6132540347,0.06238452392969333,-0.040204515870485125,0.29922543588143524
Algeria,2016,DZA,1989023597.12295,4424.98529027556,75.732,73.67,99.763,261.40023804,1.842,,1,449498.35234346875,0.059073696496677305,-0.06408607215130789,0.29655716930038645
Algeria,2017,DZA,1791887073.28626,4554.66753957828,75.743,73.642,100.076,265.83843994,,,1,393417.75392286305,0.05836615683361472,-0.05217785730847502,0.23371110961797253
Algeria,2018,DZA,1984998399.13173,4577.21029180491,76.066,70.794,97.97,266.46469116,1.732,81.4078369140625,1,433669.91520701896,0.05821552303093467,-0.0501078443490543,0.2952739579082686
Algeria,2019,DZA,1785838683.22299,4468.45341883656,76.474,66.864,95.854,235.99041748,0.987,,1,399654.7610175076,0.052812549524449165,-0.060094563548523314,0.23178291551420682
Algeria,2020,DZA,1699608934.62519,3743.5419522929,74.453,81.699,114.976,206.03512573,,,1,454010.9223523429,0.05503748277852331,-0.12666035441080345,0.2042933371179366
Algeria,2021,DZA,1791896708.54488,4160.55926736925,76.377,63.984,95.798,204.56661987,,,1,430686.4999132457,0.04916805812006829,-0.08836728185992246,0.23371418128641075
Algeria,2022,DZA,1704712867.9217,4961.55257664733,77.129,63.708,91.602,,,,1,343584.5618053746,,-0.014815192303784785,0.2059204435025112
Algeria,2023,DZA,1867646030.08864,5364.02795022731,,,,,,,1,348179.7722566855,,0.022142550512288358,0.25786265610980363
"Egypt, Arab Rep.",1995,EGY,3226000000.0,916.326617700876,66.312,152.528,230.611,,,,1,3520578.7299884916,,-0.3862725048191726,0.6908985695035703
"Egypt, Arab Rep.",1996,EGY,3107000000.0,1008.97637629447,66.742,150.864,228.068,,2.02,56.0,1,3079358.519186203,,-0.37776483907153674,0.6529620118497351
"Egypt, Arab Rep.",1997,EGY,3697000000.0,1146.20172117634,67.197,148.348,225.111,,1.6,,1,3225435.7428514333,,-0.36516397120009353,0.8410508271082457
"Egypt, Arab Rep.",1998,EGY,3370000000.0,1212.82259820477,67.471,150.31,222.037,,,,1,2778642.1567245713,,-0.35904643606372655,0.7368049922107323
"Egypt, Arab Rep.",1999,EGY,3235300000.0,1268.30949160496,67.737,150.032,220.847,,,,1,2550875.80863717,,-0.35395129119136687,0.6938633593034078
"Egypt, Arab Rep.",2000,EGY,2852000000.0,1366.09274372613,68.007,146.573,222.621,71.03570557,2.118,,1,2087705.9870920153,0.05199918226360261,-0.34497223676756794,0.5716693883058025
"Egypt, Arab Rep.",2001,EGY,2911400000.0,1295.1374184163,68.308,144.46,220.876,70.36794281,,,1,2247946.788194934,0.054332414313259705,-0.35148778737357383,0.5906057876725068
"Egypt, Arab Rep.",2002,EGY,2893100000.0,1116.82884626213,68.564,142.43,219.834,65.58682251,,,1,2590459.5943082967,0.05872593883074379,-0.3678611676700096,0.5847718464534717
"Egypt, Arab Rep.",2003,EGY,2960900000.0,1031.27556291284,68.402,145.041,226.371,51.60063553,0.507,,1,2871104.5878338586,0.05003573960799952,-0.3757171917913596,0.6063861204780937
"Egypt, Arab Rep.",2004,EGY,3340700000.0,991.255689145253,68.613,143.2,225.71,51.60012436,,,1,3370169.8124735532,0.05205531219144288,-0.3793920606139617,0.7274643103682333
"Egypt, Arab Rep.",2005,EGY,5017300000.0,1104.80340733395,68.779,140.494,227.408,60.99180603,,67.0,1,4541350.946868882,0.05520602636190454,-0.3689654167951297,1.2619553403045365
"Egypt, Arab Rep.",2006,EGY,5329500000.0,1298.97900203124,68.977,138.288,227.08,68.03048706,,66.0,1,4102837.68380101,0.05237227619046908,-0.351135029742754,1.3614830150904806
"Egypt, Arab Rep.",2007,EGY,7655800000.0,1547.74170735909,69.128,136.503,227.538,75.12869263,,,1,4946432.575667347,0.04854084649446581,-0.3282921213581736,2.1030948980326385
"Egypt, Arab Rep.",2008,EGY,8694000000.0,1896.21594269779,69.319,133.983,225.917,92.32979584,,,1,4584920.843788944,0.048691604031469264,-0.29629309231667084,2.4340674539671907
"Egypt, Arab Rep.",2009,EGY,7149600000.0,2161.63964573927,69.48,130.724,222.504,101.21813965,,,1,3307489.300583619,0.04682470542650688,-0.2719202695348878,1.9417210704328791
"Egypt, Arab Rep.",2010,EGY,12453100000.0,2455.08194645282,69.664,127.58,220.484,107.41892242,,72.0,1,5072376.511909361,0.04375370140911274,-0.24497460827699946,3.63244824284561
"Egypt, Arab Rep.",2011,EGY,14324300000.0,2590.64384891965,69.88,123.872,218.292,118.69612122,,,1,5529243.244289839,0.045817228512324705,-0.2325264878306162,4.228976702357008
"Egypt, Arab Rep.",2012,EGY,19236400000.0,2996.0677072015,70.085,121.632,213.631,142.75941467,,74.0,1,6420549.159741088,0.04764892806890053,-0.19529799717141516,5.794927667494856
"Egypt, Arab Rep.",2013,EGY,17833100000.0,3025.52563552448,70.052,119.806,215.247,142.59768677,,72.0,1,5894215.468086292,0.047131541407442225,-0.19259299057890955,5.3475632023215205
"Egypt, Arab Rep.",2014,EGY,19570400000.0,3133.39102265541,70.415,114.976,208.015,158.20581055,0.745,,1,6245757.3467530245,0.05049028653178676,-0.18268813304469103,5.901405064607301
"Egypt, Arab Rep.",2015,EGY,18325400000.0,3306.98159414141,70.483,114.943,204.216,173.5194397,0.777,,1,5541427.8786628125,0.052470639693732786,-0.1667479883366823,5.504505784951631
"Egypt, Arab Rep.",2016,EGY,18590400000.0,3270.6287768197,70.844,108.622,198.622,145.2776947,0.778,,1,5684044.649688727,0.04441888841975683,-0.17008612567727283,5.588986354516894
"Egypt, Arab Rep.",2017,EGY,24737400000.0,2395.10333299491,71.302,102.976,189.703,107.98847961,0.757,71.0,1,10328322.64863813,0.04508719023615901,-0.25048221027243334,7.5486167738288685
"Egypt, Arab Rep.",2018,EGY,25515700000.0,2484.70315630508,71.367,102.131,185.95,120.22325897,0.73,,1,10269114.012775496,0.04838536090918001,-0.24225460817889852,7.796734612669036
"Egypt, Arab Rep.",2019,EGY,26781400000.0,2962.98892023003,71.358,103.044,182.015,145.31028748,0.709,,1,9038643.316263512,0.0490417923900704,-0.19833549308249437,8.200232940588862
"Egypt, Arab Rep.",2020,EGY,29602900000.0,3511.11381026379,70.99,105.044,185.848,150.90655518,0.683,,1,8431199.214751724,0.04297968204245205,-0.1480033235965257,9.099711910507315
"Egypt, Arab Rep.",2021,EGY,31487000000.0,3827.35415374308,70.221,114.164,198.911,179.68119812,,,1,8226832.097365828,0.0469465826527381,-0.11896420704533206,9.70035282038623
"Egypt, Arab Rep.",2022,EGY,28332800000.0,4233.30783744856,70.159,114.676,199.952,,,74.5,1,6692827.710133253,,-0.08168706458522765,8.694810886338104
"Egypt, Arab Rep.",2023,EGY,19532100000.0,3457.45691570455,,,,,,,1,5649267.793122972,,-0.15293042681725355,5.889195231345605
Eritrea,1998,ERI,2682189.74292793,341.91736400208,49.158,320.941,643.227,,,,0,7844.555513453284,,-0.4390182648405718,-0.3366777493657678
Eritrea,1999,ERI,3634005.48876801,311.336209255125,43.397,366.036,772.718,,,,0,11672.286681534422,,-0.4418264129319777,-0.33637431564376874
Eritrea,2000,ERI,3284750.85910653,314.357396753501,56.111,298.687,383.152,13.1751833,0.042,,0,10449.096770203316,0.041911478578412896,-0.4415489890747838,-0.3364856561344748
Eritrea,2005,ERI,0.0,412.753079199423,60.597,254.953,310.99,20.60617447,0.043,,0,0.0,0.04992373287673054,-0.43251369756439345,-0.3375328169777099
Eritrea,2006,ERI,0.0,447.997404727201,61.611,243.755,294.28,22.31639481,0.047,,0,0.0,0.0498136698438892,-0.4292773486991312,-0.3375328169777099
Eritrea,2007,ERI,0.0,480.44762365456,62.116,237.997,288.468,18.39959717,0.042,,0,0.0,0.03829678046910112,-0.4262975717384316,-0.3375328169777099
Eritrea,2008,ERI,0.0,490.066956003333,62.573,233.436,282.773,19.69238472,0.042,65.0,0,0.0,0.040183049435934766,-0.4254142659901914,-0.3375328169777099
Eritrea,2009,ERI,0.0,642.92572288007,63.328,222.11,274.319,22.65766335,0.042,,0,0.0,0.03524149453610602,-0.41137784198948196,-0.3375328169777099
Eritrea,2010,ERI,0.0,539.699512069686,63.787,216.828,269.57,24.43300056,0.041,,0,0.0,0.04527148906676279,-0.42085670206748826,-0.3375328169777099
Eritrea,2011,ERI,0.0,688.68165957684,64.402,206.579,263.619,33.27035522,0.042,,0,0.0,0.048310209452133435,-0.4071762528942135,-0.3375328169777099
Ethiopia,1995,ETH,27359669.4433314,136.523619088963,48.302,373.447,408.581,,,,0,200402.46241570113,,-0.4578787708462161,-0.3288107020430308
Ethiopia,1996,ETH,16012210.3622882,147.327458851964,48.924,371.978,400.487,,0.025,,0,108684.49430311167,,-0.4568866964049019,-0.3324282107459932
Ethiopia,1997,ETH,9232460.37342668,143.369531498844,49.514,366.54,397.302,,0.023,,0,64396.251259990495,,-0.4572501374271444,-0.33458955844625404
Ethiopia,1998,ETH,27313236.4706561,126.465095781244,49.927,365.141,397.557,,0.021,,0,215974.505075312,,-0.45880240578618664,-0.32882550462408067
Ethiopia,1999,ETH,33729646.6109497,120.734631499865,49.425,373.745,427.436,,0.02,,0,279370.1044342643,,-0.45932861195687497,-0.32677998770628314
Ethiopia,2000,ETH,53158882.3789732,122.269202606069,50.538,372.48,392.511,5.31966591,0.021,,0,434769.191635626,0.043507815513764966,-0.4591876982811597,-0.3205860522198665
Ethiopia,2001,ETH,18313718.1709493,118.457204255261,51.043,370.429,388.578,5.54697561,0.028,,0,154601.9787153295,0.04682683206035266,-0.4595377392126366,-0.33169450247982496
Ethiopia,2002,ETH,32986894.4223657,109.593813612988,51.517,364.688,391.491,5.19038343,0.029,,0,300992.303624485,0.0473601862996479,-0.4603516297841808,-0.32701677309472627
Ethiopia,2003,ETH,46470192.4649014,116.800491132777,52.533,351.082,380.221,5.76164436,0.027,,0,397859.56389579567,0.04932893949435753,-0.4596898687130235,-0.3227183704598145
Ethiopia,2004,ETH,133742806.235814,133.169812538096,53.235,343.363,376.493,5.79775095,0.027,35.9000015258789,0,1004302.7296261612,0.04353652557963489,-0.45818673781288854,-0.29489633227560347
Ethiopia,2005,ETH,173519405.683879,158.243458082465,54.008,331.147,374.864,6.55709887,0.032,29.8203392028809,1,1096534.465225433,0.04143677690981017,-0.4558843227974118,-0.2822157670803511
Ethiopia,2006,ETH,172153313.961754,189.345737521418,55.149,316.663,360.798,8.53116226,0.027,,1,909200.8946981484,0.0450560037509954,-0.4530283218593319,-0.28265126974738325
Ethiopia,2007,ETH,357838224.989752,237.146255996319,56.426,296.941,348.411,11.78915215,0.022,39.0,1,1508934.7436094726,0.04971257969252102,-0.4486389867987626,-0.22345592241409834
Ethiopia,2008,ETH,386696265.842837,316.410475118075,57.592,279.585,336.02,13.22203732,0.025,,1,1222134.8414540745,0.04178760932319301,-0.44136046290110953,-0.21425613476199926
Ethiopia,2009,ETH,261601951.495537,368.574712267445,58.804,258.915,325.346,15.36375141,0.025,,1,709766.4131274245,0.04168422547353645,-0.4365704245849392,-0.2541355269334558
Ethiopia,2010,ETH,436143876.305004,330.619412798644,59.73,248.976,313.305,16.40672684,,,1,1319172.012959285,0.049624208999464084,-0.4400557116070935,-0.19849250345828176
Ethiopia,2011,ETH,538339894.672104,343.024942351887,60.721,236.685,300.98,14.83500671,,,1,1569389.9428451944,0.04324760353660152,-0.4389165602432527,-0.16591296444335832
Ethiopia,2012,ETH,624360669.898232,452.101031885754,61.543,225.847,292.922,20.28753662,,,1,1381020.2274787286,0.04487390027706609,-0.4289005286323781,-0.1384900056299667
Ethiopia,2013,ETH,833031317.03511,484.039833104062,62.373,212.412,286.512,19.53577042,,,1,1720997.4470345287,0.040359840417927076,-0.42596771316399185,-0.07196692969911565
Ethiopia,2014,ETH,1796377786.73295,549.986577082588,62.905,208.834,280.699,21.90294838,,,1,3266221.143544744,0.039824514438487786,-0.41991208103465993,0.2351427248245037
Ethiopia,2015,ETH,1086986751.24654,621.845673808133,63.649,197.241,275.376,23.53430557,,,1,1748000.8256548934,0.03784589418444902,-0.4133135406266957,0.008992691909847935
Ethiopia,2016,ETH,772235946.595019,696.195884706786,64.392,184.946,270.596,24.67317772,,47.4915885925293,1,1109222.2225936574,0.03543999363109063,-0.4064862509262808,-0.09134816563009701
Ethiopia,2017,ETH,393379170.003451,745.632449222154,64.838,185.113,262.852,24.51061249,,51.7711791992188,1,527577.8574468229,0.03287224491848436,-0.4019466841428088,-0.21212566098902289
Ethiopia,2018,ETH,436325463.090782,747.968143637014,65.412,174.744,260.701,23.84538269,0.076,,1,583347.6556489938,0.031880211601059937,-0.4017322064402018,-0.19843461457115702
Ethiopia,2019,ETH,479624165.264604,828.70897229725,65.838,171.203,255.844,26.22917175,0.051,,1,578760.6763023767,0.031650642899751114,-0.3943180912513909,-0.18463122203877522
Ethiopia,2020,ETH,404088319.891243,905.313175805855,65.371,174.956,263.664,28.69671059,0.104,,1,446351.970445529,0.03169810332701269,-0.3872838262062563,-0.20871164181136084
Ethiopia,2021,ETH,447647084.052728,910.947840320752,64.975,177.314,277.053,26.47735214,0.101,,1,491408.0304478332,0.029065717012597685,-0.3867664169542464,-0.19482534292109202
Ethiopia,2022,ETH,510201215.39532,1011.0732858233,65.645,170.578,268.213,,0.108,,1,504613.48603417183,,-0.3775722880531086,-0.17488342350795066
Ethiopia,2023,ETH,539360389.32098,1272.01628209211,,,,,,,1,424020.03568215604,,-0.35361091108741516,-0.16558763625779097
Gabon,1995,GAB,4471615.82443076,4414.8755828572,60.704,266.248,287.561,,0.286,,0,1012.8520590237877,,-0.06501440712840244,-0.33610728999006856
Gabon,1996,GAB,5727663.14185844,4942.67870027615,60.612,269.982,290.725,,,,0,1158.817614735595,,-0.016548306711913444,-0.33570686888524887
Gabon,1997,GAB,6145602.57896858,4508.75340541142,60.662,270.993,292.179,,,,0,1363.0380786832582,,-0.05639397306002494,-0.3355736320486797
Gabon,1998,GAB,5563166.58663669,3699.99513906504,60.79,274.498,287.064,,,,0,1503.560512255824,,-0.13065908831946335,-0.3357593094991231
Gabon,1999,GAB,4247204.29865939,3751.35318950625,60.849,273.419,289.73,,,,0,1132.179265482172,,-0.1259430789824002,-0.3361788311731409
Gabon,2000,GAB,6050763.423885,3982.906200928,61.069,265.526,292.688,123.33141327,,,0,1519.1830082453857,0.030965181465047887,-0.10468046962498145,-0.33560386625939115
Gabon,2001,GAB,5363974.6917477,3835.75718279727,61.27,265.727,288.907,121.066185,,,0,1398.413516842054,0.03156252578837931,-0.11819258968176924,-0.33582281080000237
Gabon,2002,GAB,2846533.11163557,3966.48001864663,61.292,268.472,292.417,132.21743774,,,0,717.6471577453734,0.033333695649149606,-0.10618882183745335,-0.3366253575869274
Gabon,2003,GAB,5989329.18128731,4710.74862768151,61.671,258.011,292.622,166.88827515,,,0,1271.4176991089162,0.03542712386929834,-0.037845540125282906,-0.33562345116431747
Gabon,2004,GAB,6852364.36149356,5465.79193590708,61.838,260.265,290.557,182.61399841,0.279,,0,1253.681889439937,0.03341034575618074,0.03148714016317325,-0.33534832020741673
Gabon,2005,GAB,11028154.17189,6547.87613955186,61.959,261.087,293.051,190.27209473,,,0,1684.233778533992,0.029058597119862792,0.13085070953617503,-0.33401710095622006
Gabon,2006,GAB,0.0,6847.00985685394,62.375,251.689,290.041,212.61395264,,,0,0.0,0.031052088004104576,0.15831899136750868,-0.3375328169777099
Gabon,2007,GAB,14409511.0508501,8003.54289696049,62.618,249.112,290.296,254.19885254,,,0,1800.3915561347724,0.031760790916299984,0.2645189068414806,-0.3329391426353221
Gabon,2008,GAB,20654067.5553656,9688.64519690633,63.083,237.185,289.413,271.5098877,0.0968,,0,2131.780773844482,0.028023514349219385,0.4192552746003788,-0.3309484117289676
Gabon,2009,GAB,13846230.0325314,7290.57526093114,63.303,234.296,293.253,283.02966309,,,0,1899.1958161012087,0.03882130736743151,0.19904987132216784,-0.33311871358344614
Gabon,2010,GAB,38428998.663363,8356.74662013345,63.898,221.759,285.536,207.93783568999999,,,0,4598.559751803187,0.02488263018397935,0.2969522262930414,-0.32528185963845085
Gabon,2011,GAB,21792198.4497528,10219.1139339454,64.045,221.205,291.846,262.77456665,,,0,2132.4939315300558,0.025714026514287808,0.46796614846347556,-0.3305855817433161
Gabon,2012,GAB,22586458.5623401,9296.96587941088,64.587,210.002,286.151,226.32527161,,82.2837982177734,0,2429.444063289531,0.02434399292689902,0.3832888914808032,-0.33033237590673364
Gabon,2013,GAB,16527000.6094923,9197.70106323947,64.776,208.763,287.784,262.78244019,,,0,1796.8621175943522,0.028570448026438343,0.3741737908123676,-0.3322640983939538
Gabon,2014,GAB,29467150.8528989,9201.36276648105,64.974,207.845,288.782,234.42152405,,,0,3202.4768070489035,0.025476826639631737,0.3745100307305205,-0.32813884834556484
Gabon,2015,GAB,18458042.2530413,7047.12654634355,65.46,199.247,284.023,188.42417908,,,0,2619.2295727424366,0.026737731732342052,0.1766949259683652,-0.3316484927414962
Gabon,2016,GAB,18458042.2530413,6677.07003901644,65.802,200.959,278.609,208.90524292,0.343,,0,2764.3924873012484,0.03128696294921187,0.14271408111925332,-0.3316484927414962
Gabon,2017,GAB,18458042.2530413,6921.73373135624,66.189,188.6,280.328,193.97592163,0.658,,0,2666.6790387246874,0.02802418139132787,0.16518059313835035,-0.3316484927414962
Gabon,2018,GAB,18458042.2530413,7624.2775233771,66.306,189.731,279.043,211.22572327,0.624,,0,2420.956240961372,0.027704359215985047,0.2296924477434771,-0.3316484927414962
Gabon,2019,GAB,18458042.2530413,7441.1786472281,66.603,190.405,269.162,208.28834534,0.61,,0,2480.526691818785,0.02799131094878217,0.2128791925263053,-0.3316484927414962
Gabon,2020,GAB,18458042.2530413,6605.80346077565,66.531,181.631,270.109,228.02458191,0.594,,0,2794.216080245592,0.034518826250883566,0.13616994937132346,-0.3316484927414962
Gabon,2021,GAB,18458042.2530413,8181.40914134656,65.821,191.839,285.584,233.87103271,,88.8583374023438,0,2256.095732917145,0.028585666438325524,0.28085166990524335,-0.3316484927414962
Gabon,2022,GAB,18458042.2530413,8409.2074145028,65.694,193.488,287.564,,0.477,85.6900024414062,0,2194.980019306926,,0.30176949630134925,-0.3316484927414962
Gabon,2023,GAB,18458042.2530413,7802.83659565049,,,,,,,0,2365.5554011383892,,0.24608883048823454,-0.3316484927414962
Ghana,1995,GHA,17209600.0,371.537243033836,56.565,285.539,315.288,,,,0,46319.98628044058,,-0.436298386946524,-0.33204648939284065
Ghana,1996,GHA,27500000.0,389.271267898831,56.82,281.915,314.353,,0.062,,0,70644.823463177,,-0.4346699406537123,-0.3287659654190505
Ghana,1997,GHA,26000000.0,377.841935501461,57.199,275.582,312.533,,,,0,68811.84314677391,,-0.43571945164253173,-0.3292441573222501
Ghana,1998,GHA,29500000.0,400.366799508524,57.6,272.886,307.457,,,,0,73682.4332991975,,-0.4336510812885015,-0.32812837621478436
Ghana,1999,GHA,30700000.0,403.037326127273,58.03,269.046,303.735,,,,0,76171.60498505643,,-0.4334058572513604,-0.3277458226922247
Ghana,2000,GHA,32396800.0,253.746936203344,58.195,272.152,303.858,16.27483559,,58.0,0,127673.65976800732,0.06413805752104888,-0.44711461112279044,-0.3272048920113253
Ghana,2001,GHA,45909120.0,263.542156494853,58.107,277.702,310.299,19.207201,,,0,174200.28966370173,0.072880943434092,-0.44621515427120645,-0.3228972373330306
Ghana,2002,GHA,43520000.0,297.46164468774,58.608,270.886,308.468,19.75684166,0.09,,0,146304.57666461528,0.06641811478162074,-0.4431004600479674,-0.32365887589287873
Ghana,2003,GHA,65100096.0,358.39927142073,59.111,264.753,304.584,23.23123741,,,0,181641.26210953726,0.06481943257838971,-0.4375047956062219,-0.31677925777456534
Ghana,2004,GHA,82371200.0,406.132105329565,59.191,267.044,306.01,25.61305428,0.148,,0,202818.7353796077,0.06306582007156443,-0.433121675755202,-0.31127332304648647
Ghana,2005,GHA,99184576.0,478.611909191028,59.76,259.556,299.552,39.75449371,,,0,207233.82367907718,0.08306206541578726,-0.4264661382333788,-0.30591330953405277
Ghana,2006,GHA,105253248.0,906.441027564887,59.988,259.963,296.581,45.96789932,,,0,116117.03883567374,0.05071250960858501,-0.38718025998088906,-0.30397864965833665
Ghana,2007,GHA,117363712.0,1050.12461524926,60.224,255.166,299.038,54.75652313,0.07,,0,111761.69979802091,0.052142881268432,-0.3739863568774623,-0.3001178991058098
Ghana,2008,GHA,126104704.0,1182.65761256016,60.49,256.2,295.062,61.90890884,0.076,,0,106628.24359369288,0.05234727970505562,-0.3618163689706464,-0.2973313180389215
Ghana,2009,GHA,114455680.0,1047.70430093586,60.946,247.989,294.58,61.81399536,0.082,,0,109244.25899346091,0.05899946702975712,-0.3742086048951063,-0.30104496401024006
Ghana,2010,GHA,135852160.0,1263.89251760539,61.157,250.625,291.312,71.6121521,0.091,71.0,0,107487.11469341534,0.05666000162393446,-0.3543568846756324,-0.2942238816815919
Ghana,2011,GHA,2134638607.37,1507.43573198753,61.652,241.826,290.586,95.87026215,0.095,,1,1416072.7134652121,0.06359824177949967,-0.3319932617745004,0.34297844855669746
Ghana,2012,GHA,2155495000.0,1543.77524235764,62.081,233.063,292.002,83.48946381,0.093,,1,1396249.234252615,0.05408135946168927,-0.32865634635934227,0.3496273539471094
Ghana,2013,GHA,1863990000.0,2294.025645187,62.42,234.312,285.68,104.81430817,0.099,,1,812541.0471808631,0.045690120504932694,-0.2597637798681585,0.25669713345230916
Ghana,2014,GHA,2007831480.11,1953.64513603117,63.045,223.454,281.682,78.03632355,0.107,,1,1027736.02179816,0.03994396019562221,-0.2910195936216561,0.30255302087420827
Ghana,2015,GHA,4982442361.78624,1721.69964380717,63.175,225.065,281.403,77.74266815,0.113,,1,2893909.1552395485,0.045154605467704424,-0.31231824295941146,1.2508429133988823
Ghana,2016,GHA,2979934204.38383,1913.18673253576,63.89,213.34,274.45,64.43041229,0.122,,1,1557576.2437125992,0.033677011864180754,-0.2947347309177152,0.6124541220915564
Ghana,2017,GHA,3536410000.0,2012.97025750655,64.013,214.755,273.793,74.56986237,0.089,64.4923934936523,1,1756811.848964188,0.03704469159041082,-0.28557199924459614,0.7898556019516962
Ghana,2018,GHA,3520566623.36832,2196.61290615342,64.122,214.586,274.577,82.98774719,0.143,,1,1602725.092575974,0.03777986870491591,-0.2687088115211247,0.7848048190019554
Ghana,2019,GHA,4053694728.81049,2186.18924111824,64.74,204.479,268.562,93.18772125,0.103,,1,1854228.6516500365,0.04262564260097369,-0.26966597600089015,0.9547631812623488
Ghana,2020,GHA,4291956800.55747,2196.54789313621,64.114,210.16,281.151,87.4445343,0.164,80.379997253418,1,1953955.4834970864,0.039809983007084604,-0.26871478141276894,1.030719843628328
Ghana,2021,GHA,1923627452.54426,2445.50081810782,63.795,216.842,287.935,100.00096893,0.127,,1,786598.5724889865,0.04089181577431435,-0.24585440590067179,0.27570923140838627
Ghana,2022,GHA,2070452060.75579,2240.27945094566,63.945,215.46,285.671,,0.141,,1,924193.6580196802,,-0.2646990831301839,0.3225161239665247
Ghana,2023,GHA,2431468248.62852,2260.28741289427,,,,,,,1,1075734.1012287703,,-0.2628618300694732,0.43760613594300896
Guinea,1995,GIN,740000.0,713.031460558683,49.866,316.418,338.363,,0.13,,0,1037.8223696051032,,-0.40494030569996686,-0.33729690897213144
Guinea,1996,GIN,1072000.0,726.025442583799,50.544,313.56,331.861,,,21.0,0,1476.53227714023,,-0.4037471190421862,-0.33719106916422326
Guinea,1997,GIN,1480000.0,695.58174225826,51.356,305.47,324.78,,,,0,2127.7154216197014,,-0.40654264523051653,-0.33706100096655295
Guinea,1998,GIN,4980000.0,647.379920832778,52.049,304.816,314.524,,,,0,7692.546277298525,,-0.41096883037487353,-0.3359452198590872
Guinea,1999,GIN,6015879.0,610.614842942762,52.356,307.809,317.842,,,,0,9852.1663361595,,-0.41434482399452316,-0.3356149872254242
Guinea,2000,GIN,1166455.04759399,518.157066924026,52.479,314.098,322.817,23.00282097,0.092,,0,2251.1611286486996,0.04439352937238382,-0.42283486073155974,-0.3371609574049061
Guinea,2001,GIN,8715870.25803118,483.085120214741,52.662,316.399,330.948,22.04349136,,,0,18042.100435957957,0.04563065687099042,-0.4260553807226623,-0.3347542445865574
Guinea,2002,GIN,15190000.0,495.916073559269,53.278,313.934,323.098,25.15307426,,,0,30630.182827063738,0.05072042549351619,-0.4248771643523684,-0.33269032697130857
Guinea,2003,GIN,111046017.147184,566.48540588068,53.678,312.464,323.754,25.93502045,,30.0,0,196026.26297944534,0.04578232763063052,-0.41839705797607496,-0.3021319461228114
Guinea,2004,GIN,41640000.0,584.897740538081,54.117,308.31,324.259,26.76063919,0.11,,0,71191.93170705868,0.04575268005887892,-0.4167063251422647,-0.3242582097448889
Guinea,2005,GIN,41570000.0,463.17768685098,54.632,302.281,322.853,19.94359016,0.103,,0,89749.57382473063,0.04305818420483742,-0.427883402635759,-0.3242805253670382
Guinea,2006,GIN,29500000.0,446.980554135348,55.108,297.089,320.611,16.35091019,,,0,65998.39685882007,0.03658080880415407,-0.4293707221205204,-0.32812837621478436
Guinea,2007,GIN,15070000.0,650.148575304385,55.553,290.451,319.663,22.80706406,,,0,23179.31711677529,0.03507977241866945,-0.41071459563996776,-0.33272858232356456
Guinea,2008,GIN,61520000.0,703.532825785322,56.044,283.924,316.592,23.25375366,,,0,87444.39171168453,0.033052833937127074,-0.4058125282609031,-0.3179205730544835
Guinea,2009,GIN,52030000.0,662.185914665681,56.348,282.322,313.624,24.00493431,,,0,78573.09986164306,0.03625104940826084,-0.40960925374451845,-0.3209459338287263
Guinea,2010,GIN,46260000.0,659.235326211315,56.72,276.306,312.9,22.8732872,,25.0,0,70172.2103787435,0.03469669523242155,-0.40988019476702764,-0.32278537868303414
Guinea,2011,GIN,64500000.0,636.694958747648,57.019,274.326,309.62,24.42393684,,,0,101304.39877656447,0.038360499803612155,-0.41194998874297245,-0.31697056514012695
Guinea,2012,GIN,66300000.0,699.353377212197,57.406,266.057,309.744,23.99205208,,,0,94801.8586315961,0.034306050219759444,-0.4061963107122481,-0.31639673485628744
Guinea,2013,GIN,93010000.0,748.455020824734,57.791,263.73,303.593,26.22439003,,,0,124269.32469169739,0.03503803074378864,-0.401687498408188,-0.3078817310333132
Guinea,2014,GIN,121425853.218437,765.146999389279,57.886,260.901,306.27,37.0862999,0.163,32.0,0,158696.1110941506,0.048469509688466854,-0.40015473916035477,-0.2988229104122699
Guinea,2015,GIN,130582308.432555,747.356966759448,58.134,261.918,300.582,43.94221497,0.084,,0,174725.48492959398,0.058796822568650375,-0.4017883284276299,-0.29590388191533584
Guinea,2016,GIN,52170780.8592338,711.996509782316,58.763,258.406,286.703,38.91920853,0.082,,0,73273.9278106635,0.05466207768616599,-0.4050353411906605,-0.32090105365071897
Guinea,2017,GIN,44660000.0,833.598621691121,59.109,251.715,286.215,33.02272034,,,0,53574.94462910493,0.03961465324043702,-0.393869093830376,-0.32329545004644705
Guinea,2018,GIN,28430000.0,933.273615633705,59.349,252.559,281.443,35.30637741,0.222,40.0,0,30462.66338590924,0.0378306820406859,-0.3847163281380133,-0.32846948643906676
Guinea,2019,GIN,158130000.0,1031.34146480732,59.72,246.335,280.338,42.68258667,,,1,153324.58297848285,0.041385504342128,-0.3757111402775847,-0.2871218265424077
Guinea,2020,GIN,22530000.0,1053.66097696415,59.327,253.585,288.494,41.6195488,,,0,21382.589364668638,0.039499943254912885,-0.37366162658253516,-0.33035037459165184
Guinea,2021,GIN,343910000.0,1244.96550477914,58.892,263.795,303.082,44.68689728,,45.3300018310547,1,276240.585526111,0.03589408470231275,-0.3560948783970546,-0.22789616535812618
Guinea,2022,GIN,527275700.0,1416.59612011764,58.985,262.302,302.55,,0.021,,1,372213.1470727259,,-0.3403347088129542,-0.16944016998177452
Guinea,2023,GIN,496840000.0,1541.04050914957,,,,,,,1,322405.5416130387,,-0.32890746623700196,-0.17914290685391596
"Gambia, The",2003,GMB,54069839.2743908,308.719123437587,57.586,272.638,325.99,28.66201591,0.1,,0,175142.50064046317,0.09284172483663629,-0.4420667297089071,-0.3202956440788315
"Gambia, The",2004,GMB,60748749.1709703,593.285346326581,58.088,269.941,320.26,32.3373642,0.103,,0,102393.81361280146,0.05450558386486679,-0.41593612403699787,-0.3181664436556688
"Gambia, The",2005,GMB,59304087.5437293,616.483657865348,58.394,267.613,320.689,33.33732224,0.1,,0,96197.33919480872,0.05407657091095432,-0.41380591362439345,-0.318626993984342
"Gambia, The",2006,GMB,63773517.3418823,614.544307904464,59.06,263.041,310.774,33.491294859999996,0.102,,0,103773.66858924097,0.054497770834786574,-0.4139839965626046,-0.31720216389007816
"Gambia, The",2007,GMB,55662540.3698083,724.726407242432,59.394,266.381,303.868,35.92889786,0.09,,0,76804.90156499615,0.04957580888587828,-0.4038664043878415,-0.319787899566801
"Gambia, The",2008,GMB,64811558.9717228,859.127671411226,60.082,261.012,293.208,39.97063065,0.096,,0,75438.79813027277,0.04652466912670055,-0.3915248608267462,-0.31687124182169557
"Gambia, The",2009,GMB,79801153.1264916,774.888030908091,60.427,255.692,294.197,34.4699173,,,0,102984.10859820955,0.04448373948892296,-0.39926025825228506,-0.3120926401169899
"Gambia, The",2010,GMB,115699060.997021,801.033372714536,60.717,258.996,287.256,32.81699753,,,0,144437.2543492675,0.04096832747278681,-0.3968594335515685,-0.30064858085999496
"Gambia, The",2011,GMB,91358953.7745977,710.608411468152,61.526,247.661,278.103,30.82727623,,,0,128564.41367735235,0.043381524525313915,-0.40516280484152184,-0.30840807565784356
"Gambia, The",2012,GMB,106349453.092419,692.579361628102,62.096,237.485,275.341,29.30704689,,,0,153555.6197378085,0.0423157958693796,-0.40681834212639956,-0.3036291853920427
"Gambia, The",2013,GMB,109829221.95462,653.862713272743,62.114,244.712,273.392,25.33724403,,41.9500503540039,0,167969.850130921,0.038750097712684804,-0.4103735408454917,-0.3025198538621023
"Gambia, The",2014,GMB,137771209.405021,568.00453558864,62.269,241.137,277.921,17.14346313,,,1,242553.00930342855,0.030181912389544072,-0.41825756222369725,-0.2936120990900445
"Gambia, The",2015,GMB,154062367.652957,619.536364296461,62.494,242.0,275.021,19.42744446,0.095,51.0,1,248673.6477977505,0.03135803736405627,-0.4135255955066152,-0.28841856577810693
"Gambia, The",2016,GMB,145678794.701272,650.056501323611,63.013,233.36,271.493,20.47114944,,,1,224101.74254799157,0.03149133867335796,-0.4107230504342853,-0.2910912035816929
"Gambia, The",2017,GMB,160167345.280047,642.522641296331,62.995,235.301,275.099,21.2003746,0.097,,1,249278.91250166533,0.03299552924271567,-0.41141485539821104,-0.2864723318644474
"Gambia, The",2018,GMB,212034736.09746,696.219806960615,63.04,237.986,275.69,22.84936142,0.122,53.1601982116699,1,304551.4275485914,0.03281917749474856,-0.4064840542390731,-0.26993728764512986
"Gambia, The",2019,GMB,275825107.455024,738.186751987483,63.755,225.132,269.133,22.83255005,0.075,,1,373652.20482810965,0.030930587671108945,-0.402630393461562,-0.24960126158827456
"Gambia, The",2020,GMB,416418880.667872,720.335143352133,62.612,240.112,292.306,26.24802017,0.076,,1,578090.4687365883,0.03643862223333002,-0.4042696370131115,-0.20478072559449775
"Gambia, The",2021,GMB,547051423.801967,781.890925169531,62.083,254.144,302.788,24.62883568,0.102,51.6374015808105,1,699651.8391402923,0.031499068331890326,-0.39861720980243737,-0.163135775980433
"Gambia, The",2022,GMB,501844380.374608,836.244875868476,62.906,243.833,291.768,,,58.6699981689453,1,600116.5386555238,,-0.3936260986368,-0.1775475374034703
"Gambia, The",2023,GMB,524648856.078385,888.157407724123,,,,,,,1,590716.0729794307,,-0.38885917343542253,-0.17027759364463144
Guinea-Bissau,1995,GNB,1833333.373,589.487023081945,48.952,317.804,393.644,,,,0,3110.048739351378,,-0.4162849092368448,-0.3369483601944871
Guinea-Bissau,1996,GNB,2000000.0,614.729892454585,49.065,323.524,400.245,,0.166,,0,3253.461438184017,,-0.4139669550576474,-0.3368952277734438
Guinea-Bissau,1997,GNB,2000000.0,598.953470198484,47.997,347.655,430.971,,,,0,3339.1575464739035,,-0.41541564234281586,-0.3368952277734438
Guinea-Bissau,1998,GNB,4007030.487,497.724279563733,47.716,338.519,499.843,,,,0,8050.7032739336255,,-0.4247111238518601,-0.3362553972878717
Guinea-Bissau,1999,GNB,6014061.451,478.733190989909,48.006,344.706,487.998,,,,0,12562.44932289804,,-0.4264550013991137,-0.33561556665023456
Guinea-Bissau,2000,GNB,8021091.461,316.945495037639,50.121,326.179,427.894,13.3205328,,41.0,0,25307.479003755685,0.04202783446541215,-0.441311334109917,-0.33497573631672745
Guinea-Bissau,2001,GNB,10028122.573509,327.138431972397,50.445,330.072,428.466,14.86868,,,0,30654.064437024463,0.04545072833648166,-0.4403753564911514,-0.3343359056317465
Guinea-Bissau,2002,GNB,17631575.3068999,362.034574570354,50.986,327.635,424.561,14.40980339,,,0,48701.357675090134,0.03980228520190618,-0.4371709799054817,-0.3319119659427675
Guinea-Bissau,2003,GNB,23126277.9447523,419.78486611807,51.405,331.918,421.567,14.86718845,,,0,55090.78533156965,0.03541620875350568,-0.43186799601459386,-0.3301602844014938
Guinea-Bissau,2004,GNB,27699073.9507556,431.376557669634,52.15,324.928,412.834,18.48643875,0.14,,0,64210.89291543908,0.042854527955498406,-0.4308035762182834,-0.3287025017181243
Guinea-Bissau,2005,GNB,19898832.076355,463.073962650452,52.249,330.299,415.494,21.1059761,,,0,42971.17454512442,0.045577980630130334,-0.4278929272242893,-0.33118917672301557
Guinea-Bissau,2006,GNB,25519702.4283581,448.513075469701,53.371,319.269,402.493,22.80813217,,,0,56898.458092069755,0.05085276977959763,-0.4292299966673545,-0.3293972735955072
Guinea-Bissau,2007,GNB,43030269.3488181,519.069789794741,54.155,314.895,390.184,26.1655159,,,0,82898.81282791245,0.05040847380146471,-0.42275104895242355,-0.32381499938097463
Guinea-Bissau,2008,GNB,49460552.2493049,640.210331101753,54.646,308.447,389.036,34.93793869,0.052,,0,77256.7230587908,0.054572594337667875,-0.41162718581913116,-0.3217650599021109
Guinea-Bissau,2009,GNB,48850413.8199777,583.190020139094,55.541,299.538,381.983,27.59508705,0.081,,0,83764.14570387643,0.04731748846356874,-0.4168631384417869,-0.32195956873993437
Guinea-Bissau,2010,GNB,45890277.9656637,600.194298540768,56.23,290.978,378.484,31.5948391,,,0,76459.0368106381,0.05264101837824094,-0.41530170191872207,-0.3229032440718702
Guinea-Bissau,2011,GNB,52110120.3618565,719.539573498937,56.967,286.05,367.039,44.70295334,0.062,,0,72421.47934749204,0.06212716435125447,-0.40434269108786175,-0.32092039188984556
Guinea-Bissau,2012,GNB,45635184.4233283,635.461653303881,57.69,277.264,358.19,37.72527695,,,0,71814.22228400825,0.059366724575526164,-0.4120632383686551,-0.3229845665162057
Guinea-Bissau,2013,GNB,63787684.4209846,654.304534409417,58.232,273.153,353.169,46.01106644,,,0,97489.28987411056,0.0703205679011993,-0.41033297013480535,-0.31719764750173235
Guinea-Bissau,2014,GNB,92419676.4989074,652.022501029449,58.61,271.439,351.273,64.91837311,,45.5811614990234,0,141743.07842595942,0.09956462086431574,-0.4105425203540011,-0.3080699229789738
Guinea-Bissau,2015,GNB,84952813.9980524,645.066837207039,59.128,265.828,345.857,52.38645935,0.198,,0,131696.1423189488,0.08121090145762086,-0.41118123181695865,-0.3104503184391162
Guinea-Bissau,2016,GNB,95225658.6262665,679.665386626818,59.674,258.622,339.359,56.52604294,0.1,,0,140106.67675585454,0.08316745865276291,-0.4080041820514249,-0.3071753910230898
Guinea-Bissau,2017,GNB,105179557.532654,783.123186602022,60.066,258.309,332.507,54.74217224,,,0,134307.8066543132,0.06990237701622237,-0.39850405604423583,-0.3040021417815552
Guinea-Bissau,2018,GNB,127983532.751295,808.531613218504,60.502,250.167,331.077,58.78644943,0.3,,0,158291.31558855658,0.07270766964323147,-0.3961708993894562,-0.29673235757467625
Guinea-Bissau,2019,GNB,151185244.870505,807.359903965493,60.882,249.391,324.474,54.0177002,,54.8823204040527,1,187258.79762907664,0.06690659262948578,-0.3962784928773331,-0.2893357769908267
Guinea-Bissau,2020,GNB,174938409.22271,817.780335749159,59.999,261.521,353.359,68.04572296,0.191,,1,213918.58128069437,0.08320782487104451,-0.3953216252944357,-0.28176339641176407
Guinea-Bissau,2021,GNB,206107624.241305,900.407780831491,59.652,274.539,362.432,68.81868744,0.22,,1,228904.75696575252,0.07643057835023223,-0.3877342694824778,-0.271826818911111
Guinea-Bissau,2022,GNB,190208504.696096,853.281304044102,59.861,272.823,358.534,,0.208,53.9000015258789,1,222914.18292491388,,-0.3920617099254639,-0.276895372400792
Guinea-Bissau,2023,GNB,206107624.241305,951.242748289294,,,,,,,1,216671.95320223676,,-0.383066292814346,-0.271826818911111
Equatorial Guinea,1995,GNQ,100170.605385994,248.314896208855,51.592,315.338,372.045,,0.208,,0,403.40151523467836,,-0.4476134141558736,-0.33750088312942045
Equatorial Guinea,1996,GNQ,164206.042292187,391.686868235732,51.727,314.688,372.521,,0.246,,0,419.22784654950846,,-0.4344481255021329,-0.3374804689777895
Equatorial Guinea,2005,GNQ,0.0,8673.9026086535,55.464,286.723,341.416,122.74163055,,,0,0.0,0.014150681197128855,0.32607542295484204,-0.3375328169777099
Equatorial Guinea,2006,GNQ,0.0,10184.8841248541,56.046,281.323,336.607,144.0280304,,,0,0.0,0.014141351893099053,0.4648229586832239,-0.3375328169777099
Equatorial Guinea,2007,GNQ,0.0,12616.9532942011,56.54,276.941,333.55,179.56561279,,,0,0.0,0.014232089839987794,0.6881503788732332,-0.3375328169777099
Equatorial Guinea,2008,GNQ,0.0,18210.5552970599,57.074,271.738,329.31,222.33100891,,,0,0.0,0.01220890880498825,1.2017890206572293,-0.3375328169777099
Equatorial Guinea,2009,GNQ,0.0,13232.5019378102,57.431,271.586,328.137,255.58073425,,,0,0.0,0.019314619068349453,0.7446738085154871,-0.3375328169777099
Equatorial Guinea,2010,GNQ,0.0,13720.1658723222,57.878,267.578,325.384,241.66999817,,94.3705368041992,0,0.0,0.017614218400779164,0.7894540844167338,-0.3375328169777099
Equatorial Guinea,2011,GNQ,0.0,17198.2136668275,58.412,260.616,320.682,266.68746948,,,0,0.0,0.015506695907284596,1.1088296396164952,-0.3375328169777099
Equatorial Guinea,2012,GNQ,0.0,17308.5723924575,58.865,256.379,316.112,284.08352661,,,0,0.0,0.01641288028663728,1.1189634506943362,-0.3375328169777099
Equatorial Guinea,2013,GNQ,0.0,16304.0713196418,59.224,254.68,313.154,289.67935181,,,0,0.0,0.017767301561114876,1.026724037441851,-0.3375328169777099
Equatorial Guinea,2014,GNQ,0.0,15548.6624656619,59.595,250.114,312.676,294.76089478,,,0,0.0,0.018957315166559064,0.9573577905133893,-0.3375328169777099
Equatorial Guinea,2015,GNQ,0.0,9068.91003238645,60.103,242.423,308.122,229.11935425,,,0,0.0,0.02526426587448548,0.36234741308161433,-0.3375328169777099
Equatorial Guinea,2016,GNQ,0.0,7453.19797948517,60.479,241.658,302.471,229.76306152,,,0,0.0,0.03082744644009455,0.21398288089964987,-0.3375328169777099
Equatorial Guinea,2017,GNQ,0.0,7809.10465655488,60.821,235.769,302.801,231.0456543,0.35,,0,0.0,0.029586702248389347,0.24666440205873685,-0.3375328169777099
Equatorial Guinea,2018,GNQ,0.0,8102.47084834031,61.191,236.418,296.427,248.69200134,,,0,0.0,0.03069335342205414,0.27360307453078603,-0.3375328169777099
Equatorial Guinea,2019,GNQ,0.0,6804.14923073888,61.644,230.424,291.035,231.83953857,,,0,0.0,0.03407325893480204,0.15438326734343627,-0.3375328169777099
Equatorial Guinea,2020,GNQ,0.0,5764.05502912947,60.708,243.056,318.217,246.76673889,,,0,0.0,0.04281130864346875,0.058875475983051775,-0.3375328169777099
Equatorial Guinea,2021,GNQ,0.0,6945.63069794539,60.594,250.645,321.862,255.56524658,,,0,0.0,0.03679511014825473,0.1673749583175918,-0.3375328169777099
Equatorial Guinea,2022,GNQ,0.0,7589.29964909381,61.19,244.169,313.243,,0.143,,0,0.0,,0.2264805660561175,-0.3375328169777099
Equatorial Guinea,2023,GNQ,0.0,6677.793435386,,,,,,,0,0.0,,0.14278050778467255,-0.3375328169777099
"Iran, Islamic Rep.",1995,IRN,1600000000.0,1550.0095955237,67.785,140.487,214.638,,,,1,1032251.6741965135,,-0.3280838700388997,0.17253854643520028
"Iran, Islamic Rep.",1996,IRN,658000000.0,1914.78121290985,68.07,130.993,216.361,,0.85,73.0,1,343642.3940049277,,-0.29458831600773755,-0.12776596877415058
"Iran, Islamic Rep.",1997,IRN,400000000.0,1790.06617576107,68.359,129.873,210.797,,,,1,223455.4260710137,,-0.3060404111440023,-0.21001497612448236
"Iran, Islamic Rep.",1998,IRN,680000000.0,1709.19334095949,68.73,124.575,203.039,,1.049,,1,397848.495956735,,-0.3134666479415927,-0.12075248752722308
"Iran, Islamic Rep.",1999,IRN,508000000.0,1739.59462001971,69.297,120.787,196.604,,,,1,292022.05741142394,,-0.3106750171324992,-0.17558515909411093
"Iran, Islamic Rep.",2000,IRN,536000000.0,1650.01385832603,69.691,117.106,189.732,80.95653534,,,1,324845.75647369534,0.049064154783604014,-0.3189008688721835,-0.16665891023438498
"Iran, Islamic Rep.",2001,IRN,682000000.0,1881.02266634748,69.955,113.466,186.268,94.31704712,,,1,362568.7304046631,0.050141366612632236,-0.29768823158915286,-0.12011489832295694
"Iran, Islamic Rep.",2002,IRN,851000000.0,1891.25756092031,70.445,109.985,176.971,105.70446014,,77.0,1,449965.154183385,0.05589109718538963,-0.29674840116423096,-0.0662386105624683
"Iran, Islamic Rep.",2003,IRN,1178000000.0,2208.99636553529,69.823,122.949,185.88,116.90391541,,,1,533273.8515912152,0.052921732798628454,-0.26757168677498794,0.03800722433504522
"Iran, Islamic Rep.",2004,IRN,1032000000.0,2672.42266512669,71.37,103.012,167.186,142.1769104,0.88,,1,386166.459919272,0.053201505980065435,-0.22501705829633414,-0.008536787576382834
"Iran, Islamic Rep.",2005,IRN,0.0,3132.05081925856,71.838,88.443,161.205,173.79692078,0.882,82.0,0,0.0,0.055489815079418914,-0.18281119869221485,-0.3375328169777099
"Iran, Islamic Rep.",2006,IRN,0.0,3618.9160136791,72.276,86.977,161.016,197.78089905,0.531,82.0,0,0.0,0.05465197266319809,-0.13810426797632563,-0.3375328169777099
"Iran, Islamic Rep.",2007,IRN,0.0,4687.99166265915,72.772,87.374,154.965,245.00897217,,,0,0.0,0.052263098955902275,-0.039935223409727647,-0.3375328169777099
"Iran, Islamic Rep.",2008,IRN,0.0,5377.41150725587,72.624,94.103,157.641,297.50875854,,83.0,0,0.0,0.05532564471559677,0.02337151032224175,-0.3375328169777099
"Iran, Islamic Rep.",2009,IRN,0.0,5415.52280554144,72.698,100.907,156.806,364.43450928,,,0,0.0,0.06729442795570761,0.026871122106923665,-0.3375328169777099
"Iran, Islamic Rep.",2010,IRN,0.0,6291.19443652344,73.069,92.21,161.742,436.1362915,,,0,0.0,0.06932487874925895,0.10728063049820655,-0.3375328169777099
"Iran, Islamic Rep.",2011,IRN,0.0,8025.68743364356,73.679,84.109,154.045,518.84020996,,,0,0.0,0.06464744786658769,0.26655235322165116,-0.3375328169777099
"Iran, Islamic Rep.",2012,IRN,0.0,8114.08099831877,74.186,79.85,145.04,513.45483398,,84.0,0,0.0,0.06327948095248093,0.2746691892924006,-0.3375328169777099
"Iran, Islamic Rep.",2013,IRN,0.0,6222.74194840326,74.449,78.193,143.721,408.33044434,,85.0,0,0.0,0.06561905470702936,0.10099490566350879,-0.3375328169777099
"Iran, Islamic Rep.",2014,IRN,0.0,5672.06372896319,74.782,72.435,135.806,375.28466797,1.457,85.0,0,0.0,0.06616369030793649,0.05042827390303195,-0.3375328169777099
"Iran, Islamic Rep.",2015,IRN,0.0,4952.73355532178,75.124,69.95,133.452,384.25985718,1.106,,0,0.0,0.07758540872183756,-0.01562500861413447,-0.3375328169777099
"Iran, Islamic Rep.",2016,IRN,0.0,5477.03712389913,75.6,66.922,127.687,447.13925171,,86.0,0,0.0,0.08163889372940371,0.03251974188991217,-0.3375328169777099
"Iran, Islamic Rep.",2017,IRN,0.0,5753.11544659399,75.971,61.3,125.2,466.99432373,1.078,,0,0.0,0.08117242354426837,0.05787093681270388,-0.3375328169777099
"Iran, Islamic Rep.",2018,IRN,0.0,4631.78709016514,76.195,62.474,121.821,478.39190674,1.514,,0,0.0,0.10328452008422166,-0.04509626995238817,-0.3375328169777099
"Iran, Islamic Rep.",2019,IRN,0.0,3831.27894763337,76.103,64.742,127.359,378.47418213,,,0,0.0,0.09878533703837679,-0.11860380853967142,-0.3375328169777099
"Iran, Islamic Rep.",2020,IRN,0.0,2988.78122414716,74.832,85.824,154.124,338.24972534,,,0,0.0,0.11317312977182482,-0.19596708647335342,-0.3375328169777099
"Iran, Islamic Rep.",2021,IRN,0.0,4334.79268631354,73.875,78.881,151.24,392.54144287,,,0,0.0,0.09055598993451082,-0.07236810697865836,-0.3375328169777099
"Iran, Islamic Rep.",2022,IRN,0.0,4405.09291519791,74.556,73.969,142.881,,,88.9599990844727,0,0.0,,-0.065912711320759,-0.3375328169777099
"Iran, Islamic Rep.",2023,IRN,0.0,4465.63766994952,,,,,,,0,0.0,,-0.060353122779802995,-0.3375328169777099
Iraq,2005,IRQ,711100000.0,1762.39360423421,64.844,159.194,343.735,52.51676941,0.66,,1,403485.3498625723,0.029798547432211903,-0.3085814753896284,-0.11083797540088464
Iraq,2006,IRQ,388900000.0,2276.55435744086,63.587,167.163,388.65,56.19692612,,,1,170828.33920872142,0.024685079860413517,-0.2613681000367294,-0.21355359620815942
Iraq,2007,IRQ,3100000.0,3128.99010329066,63.553,170.442,388.705,99.6492157,0.528,,0,990.7349968092989,0.03184708561244795,-0.18309225229449747,-0.33654455371109737
Iraq,2008,IRQ,70900000.0,4542.96609046032,64.942,171.177,333.295,138.10931396,,,0,15606.543960097224,0.030400692237173614,-0.053252355713757,-0.3149302796864753
Iraq,2009,IRQ,152000000.0,3714.71205987194,66.446,166.819,278.011,139.05555725,,,1,40918.380092490945,0.037433737799530485,-0.12930769091746097,-0.2890760374534834
Iraq,2010,IRQ,176700000.0,4461.75196161555,67.062,158.072,265.397,143.52603149,0.631,,1,39603.27725972892,0.03216808839324875,-0.06070993221136596,-0.28120181078079665
Iraq,2011,IRQ,223000000.0,5775.54229080293,67.659,156.03,247.599,160.81466675,,,1,38611.09291072267,0.027844080893682302,0.05993030639121415,-0.26644162070203553
Iraq,2012,IRQ,271000000.0,6477.59618450955,68.023,154.341,238.095,173.40316772,,77.0,1,41836.50729078579,0.026769678562963584,0.12439717554606931,-0.25113947979964824
Iraq,2013,IRQ,727000000.0,6650.35282247395,68.253,151.629,233.569,185.73556519,,,1,109317.50831973963,0.02792867839467588,0.14026074339338013,-0.10576914122696884
Iraq,2014,IRQ,729400000.0,6249.39226978969,68.914,146.066,219.125,178.0239563,0.819,82.0,1,116715.34903097809,0.028486602955072788,0.10344210066827259,-0.10500403418184948
Iraq,2015,IRQ,1004500000.0,4440.14189252367,69.44,146.13,200.684,148.30059814,0.714,,1,226231.5088829439,0.033399968228427376,-0.06269430051850299,-0.017303639135042227
Iraq,2016,IRQ,986400000.0,4334.42096404188,68.988,130.194,247.681,198.70619202,0.703,83.0,1,227573.65013299827,0.04584376867601364,-0.07240224078414514,-0.023073821433650773
Iraq,2017,IRQ,1088500000.0,4759.2846435467,70.413,118.204,208.762,195.82373047,0.794,86.0,1,228710.8423901352,0.0411456227430156,-0.03338866720978741,0.009475107444135556
Iraq,2018,IRQ,741700000.0,5646.68932074742,71.514,116.722,165.028,231.00331116,0.67,,1,131351.30301481247,0.04090951317460182,0.04809824102522626,-0.10108286057561272
Iraq,2019,IRQ,859200000.0,5671.8568632942,71.576,115.615,166.628,239.57891846,0.873,,1,151484.781916901,0.04223994438407834,0.050409278235982735,-0.06362449482497713
Iraq,2020,IRQ,644400000.0,4295.18945121228,69.123,143.392,206.793,245.48046875,0.913,,1,150028.30662524645,0.057152419360853864,-0.07600471749854647,-0.13210157536316033
Iraq,2021,IRQ,839500000.0,4868.49431080783,70.378,126.425,183.88,248.92311096,0.972,,1,172435.24309689534,0.05112938314570941,-0.02336036967753182,-0.0699047484869986
Iraq,2022,IRQ,1098400000.0,6504.12428393548,71.336,117.115,172.343,,1.012,,1,168877.4617534501,,0.1268331473851958,0.012631174005252939
Iraq,2023,IRQ,1161700000.0,5565.12644647176,,,,,,,1,208746.38001019857,,0.040608640595746655,0.0328108723202762
Israel,1995,ISR,177900000.0,18991.4711694457,77.4512195121951,60.844,107.505,,3.621,,1,9367.362771042888,,1.273497477539719,-0.280819257258237
Israel,1996,ISR,157600000.0,20180.3770456889,78.1048780487805,60.177,103.245,,3.611,,1,7809.566671781677,,1.3826700642147212,-0.28729078768153826
Israel,1997,ISR,200200000.0,20432.8376406454,78.0,58.08,103.213,,3.68,,1,9797.953838861727,,1.405852535372155,-0.27371013763066954
Israel,1998,ISR,134500000.0,20157.0966336239,78.1487804878049,56.388,105.601,,3.76,,0,6672.587944815504,,1.3805323148312065,-0.29465494299081213
Israel,1999,ISR,174200000.0,19782.2869743593,78.6585365853659,56.738,99.145,,3.698,,1,8805.857493918087,,1.3461150065897909,-0.2819987972861293
Israel,2000,ISR,182400000.0,21660.840378309,78.9536585365854,54.709,102.6,1472.0,3.693,,1,8420.725918956217,0.06795673548631334,1.5186152342481554,-0.27938468154863816
Israel,2001,ISR,195600000.0,20907.1143041538,79.4073170731707,53.665,98.35,1515.0,3.706,,1,9355.667030582907,0.07246337193933079,1.449403510423615,-0.2751765928004816
Israel,2002,ISR,166600000.0,19034.3175740071,79.4512195121951,54.033,98.074,1362.0,3.716,,1,8752.612188603272,0.07155496879278306,1.277431895654021,-0.2844216362623406
Israel,2003,ISR,171200000.0,19629.4145135202,79.6487804878049,51.974,92.814,1390.0,3.715,,1,8721.6050118093,0.07081209676644233,1.3320773251259612,-0.2829551810925285
Israel,2004,ISR,297700000.0,20546.2291718399,80.1463414634146,48.71,90.852,1443.0,3.68,,1,14489.276718864769,0.07023186531851482,1.4162648371488602,-0.2426276639226953
Israel,2005,ISR,376900000.0,21226.7213913393,80.1512195121951,49.546,89.197,1512.0,3.634,,1,17755.921559971986,0.07123097213764298,1.478751781909966,-0.21737913143375626
Israel,2006,ISR,488800000.0,22502.0722209991,80.5536585365854,47.475,87.053,1558.0,3.599,,1,21722.44383536589,0.06923806770765152,1.5958622712886807,-0.18170601545506584
Israel,2007,ISR,579700000.0,25635.926838502,80.5048780487805,47.145,84.345,1773.0,3.563,,1,22612.796629196262,0.06916075284382434,1.8836319103262846,-0.15272758612116988
Israel,2008,ISR,628400000.0,30176.2865128483,80.9512195121951,45.101,83.727,2129.0,3.524,,1,20824.298567434504,0.070552087285277,2.300555419569552,-0.13720228899728942
Israel,2009,ISR,507000000.0,28381.6449423376,81.4048780487805,45.304,78.558,2036.0,3.529,,1,17863.65804484065,0.071736504495652,2.135760488093359,-0.17590395369624398
Israel,2010,ISR,571500000.0,31338.5568903917,81.6024390243903,42.956,77.076,2240.0,3.519,,1,18236.32153831627,0.0714774457494811,2.4072821723492557,-0.15534170185866106
Israel,2011,ISR,594600000.0,34433.822610733,81.6560975609756,43.702,75.748,2446.0,3.525,,1,17267.9056496813,0.07103480864298765,2.6915083435613156,-0.14797754654938716
Israel,2012,ISR,684900000.0,33236.5731239421,81.7048780487805,40.475,75.427,2410.0,3.51,,1,20606.817599574653,0.07251048388812223,2.5815695956923093,-0.11919039397677103
Israel,2013,ISR,764800000.0,36929.6042163752,82.0560975609756,41.393,75.007,2681.0,3.483,,1,20709.672259657604,0.072597582803533,2.9206862281259247,-0.09371870526633884
Israel,2014,ISR,859000000.0,38230.4954049785,82.1536585365854,41.017,72.471,2816.0,3.457,,1,22468.97381005788,0.0736584752609115,3.040141988990117,-0.06368825374540375
Israel,2015,ISR,853100000.0,36123.9907881129,82.0512195121951,39.687,72.987,2661.0,3.451,,1,23615.88466246438,0.07366295755106989,2.8467098910743944,-0.06556914189798885
Israel,2016,ISR,963400000.0,37556.6272863143,82.4073170731707,39.638,70.873,2801.0,3.443,,1,25651.93068737204,0.07458071191128202,2.978263309556844,-0.030406097282711358
Israel,2017,ISR,991200000.0,40997.9110240274,82.5512195121951,,,3094.0,3.452,,1,24176.841581491633,0.07546725973883689,3.2942629649003825,-0.021543607343412045
Israel,2018,ISR,1021600000.0,42233.2610344935,82.8024390243903,,,3220.0,3.499,,1,24189.465245547122,0.07624322444269942,3.4077003351636517,-0.01185225143856675
Israel,2019,ISR,953400000.0,44140.8289372511,82.8048780487805,,,3354.0,3.542,,1,21599.05065116282,0.07598407371932044,3.5828648510127232,-0.033594043304042046
Israel,2020,ISR,1032700000.0,44679.7715799755,82.6487804878049,,,3637.0,3.584,,1,23113.36793992997,0.08140149045949967,3.63235385056381,-0.008313631354889685
Israel,2021,ISR,1230100000.0,52255.6159050999,82.5,,,4339.0,3.654,,1,23540.053613260505,0.08303413757250414,4.3280140687086,0.054616423106178105
Israel,2022,ISR,1265200000.0,54930.7261602593,82.7,,,,3.713,,1,23032.64654300772,,4.573659003292839,0.06580611364104882
Israel,2023,ISR,981400000.0,52642.4267486308,,,,,,,1,18642.757574346164,,4.363533398864195,-0.02466779444431612
Jordan,1995,JOR,1243994527.88378,1415.71151592128,70.87,124.945,162.801,,,,1,878706.2292660985,,-0.340415938563963,0.05904592359471458
Jordan,1996,JOR,1544146685.4725,1410.17424189419,71.064,122.415,160.697,,,,1,1095004.1772131324,,-0.34092440482756325,0.15473281125259278
Jordan,1997,JOR,1655148095.90973,1435.87593846863,71.272,119.493,158.76,,1.66,,1,1152709.6816421028,,-0.33856431833708844,0.19011946172913896
Jordan,1998,JOR,1542736248.23695,1532.11380395602,71.474,116.79,156.841,,1.009,,1,1006933.1953367315,,-0.32972717073669244,0.15428317147525192
Jordan,1999,JOR,1664033850.49366,1544.58750592979,71.694,114.182,154.434,,1.957,,1,1077332.1965283975,,-0.3285817593655311,0.19295219232637503
Jordan,2000,JOR,1845133991.53738,1570.61002940477,71.918,111.666,151.84,161.23510742,1.894,,1,1174788.1122576615,0.10265763264042373,-0.3261922125928701,0.2506859397366504
Jordan,2001,JOR,2011334086.1589,1632.29454010563,72.147,109.169,149.163,171.82507324,2.058,,1,1232212.7145194896,0.10526597315511498,-0.32052796471121764,0.3036696327759963
Jordan,2002,JOR,2134979287.99155,1706.26744384401,72.359,106.853,146.677,175.38461304,2.221,,1,1251257.1201509333,0.10278846594229105,-0.3137353216548148,0.34308705569989895
Jordan,2003,JOR,2201128349.78844,1775.67625581432,72.573,104.562,144.127,172.24946594,2.293,90.0,1,1239600.0355250621,0.09700499478775025,-0.3073617813332027,0.3641750195369144
Jordan,2004,JOR,2287447108.60367,1940.08641342805,72.772,102.446,141.751,186.10636902,2.06,,1,1179043.929575203,0.09592684518168342,-0.29226463820270304,0.39169297391003594
Jordan,2005,JOR,2420874471.08604,2087.87079273635,72.932,100.671,140.08,196.46897888,2.273,91.0,1,1159494.3899345696,0.09410016154424435,-0.2786941754086017,0.4342288968462678
Jordan,2006,JOR,2793935119.88717,2342.63459574933,73.145,98.587,137.2,199.64881897,2.259,,1,1192646.5719223632,0.08522405471696667,-0.2553002096440668,0.5531586179523285
Jordan,2007,JOR,3326376298.68792,2506.20599484139,73.373,95.804,135.031,219.40531921,2.36,92.0,1,1327255.7425585587,0.08754480663664899,-0.24028008643519097,0.7228979917073759
Jordan,2008,JOR,3510160301.33039,3241.6524135556,73.591,93.151,132.989,289.98577881,2.198,,1,1082830.5609361362,0.08945616056717495,-0.1727469120298244,0.7814873397082049
Jordan,2009,JOR,3465211267.60563,3435.8337590698,73.801,90.595,131.06,333.80767822,2.164,,1,1008550.3288563598,0.09715478152539411,-0.15491599690237565,0.7671578303856541
Jordan,2010,JOR,3622957746.47887,3718.46571622945,74.0,88.204,129.266,319.84109497,2.339,93.0,1,974315.2211048416,0.08601426485500074,-0.12896300730353738,0.8174465563559412
Jordan,2011,JOR,3683943661.97183,3946.85503855525,74.189,86.007,127.493,338.34609985,,96.0,1,933387.1211343858,0.08572549448734046,-0.10799090716887712,0.8368885370212403
Jordan,2012,JOR,3848309859.15493,4169.50470054618,74.366,84.048,125.77,342.94042969,,98.0,1,922965.7082892422,0.08224968055440178,-0.08754585764260782,0.8892875934563523
Jordan,2013,JOR,5342816901.40846,4311.21916713038,74.562,82.045,123.75,320.86730957,2.43,,1,1239282.136742941,0.0744261187221374,-0.07453277124492524,1.365728371376636
Jordan,2014,JOR,6369718309.85916,4191.18050084986,74.789,80.172,121.02,306.806427,2.27,,1,1519790.9774030373,0.07320286657608466,-0.08555545349482016,1.6930989973135648
Jordan,2015,JOR,5348309859.15493,4042.75678097555,75.011,78.452,118.291,303.23452759,2.741,,1,1322936.339955712,0.07500686883192292,-0.09918462443794519,1.3674794966559556
Jordan,2016,JOR,4374647887.32395,3986.71677010853,75.215,76.704,116.35,279.29806519,,,1,1097305.9135085884,0.0700571626467452,-0.10433055992863355,1.0570813157339989
Jordan,2017,JOR,4431971830.98591,4065.61628749384,75.502,73.999,113.411,289.57980347,2.226,,1,1090110.7034175876,0.0712265454958872,-0.09708552516811764,1.0753558795464122
Jordan,2018,JOR,4471971830.98592,4145.43989673265,75.774,71.385,110.837,289.53860474,,95.4314498901367,1,1078768.9466950507,0.06984508567310513,-0.08975563465914614,1.088107663631738
Jordan,2019,JOR,4564084507.04226,4170.1144003465,76.044,68.954,108.406,294.18927002,2.513,,1,1094474.651981496,0.07054705021894733,-0.08748987128941858,1.1174726875465313
Jordan,2020,JOR,4819154929.57747,4022.0401356135,75.184,72.15,115.343,284.53439331,,,1,1198186.6831476516,0.0707437976042471,-0.10108695313073489,1.1987877614145572
Jordan,2021,JOR,5072112676.05633,4183.49998326866,74.256,79.128,125.741,299.07235718,,,1,1212408.9151049494,0.07148855225913692,-0.08626072544956234,1.279429325559763
Jordan,2022,JOR,4912816901.40845,4332.25159897931,74.215,79.84,125.826,,,,1,1134010.0613191354,,-0.0726014451114646,1.2286466924594133
Jordan,2023,JOR,4480000000.0,4455.50540514568,,,,,,95.0,1,1005497.601871615,,-0.06128352911357156,1.0906670005784387
Kenya,1995,KEN,87497853.0619388,340.064842175429,55.617,337.032,404.833,,0.132,,0,257297.5568488828,,-0.43918837469008026,-0.30963897372333143
Kenya,1996,KEN,87542881.4214162,440.527078880876,55.161,351.544,419.768,,,,0,198723.04250583623,,-0.4299633195671746,-0.3096246189253871
Kenya,1997,KEN,506615136.791924,466.723814611399,54.816,366.367,431.565,,,,1,1085470.9379116192,,-0.42755777556298497,-0.17602664600953824
Kenya,1998,KEN,531912792.980236,487.883239905452,54.526,383.368,440.747,,,,1,1090246.08650897,,-0.4256147881170757,-0.16796188977008614
Kenya,1999,KEN,584854296.868427,433.721235701305,54.495,395.804,446.391,,,,1,1348456.6784532643,,-0.430588273585205,-0.15108442410172396
Kenya,2000,KEN,537900024.4,414.626365130846,54.411,414.02,451.008,21.40411377,,82.0,1,1297312.6400928504,0.051622654925104386,-0.4323416810281798,-0.16605319271174387
Kenya,2001,KEN,50914426.2781064,410.700452474814,54.508,422.751,456.279,22.14061928,,,0,123969.73504972873,0.05390941048782448,-0.4327021822657324,-0.3213015727095475
Kenya,2002,KEN,57143479.9765542,402.936385605382,54.99,419.941,452.234,22.33303261,0.138,,0,141817.62188267105,0.05542570343069484,-0.4334151262255452,-0.31931578401408534
Kenya,2003,KEN,65845295.3810806,442.898457253405,55.601,413.765,446.141,25.71190262,,,0,148669.05563278383,0.058053719083715156,-0.42974556514599854,-0.3165416922343639
Kenya,2004,KEN,375811334.23186,463.662781300121,56.361,403.064,435.008,27.75096512,,,1,810527.2827335341,0.05985161250636866,-0.4278388583056714,-0.2177261922041663
Kenya,2005,KEN,424991045.929028,523.456312433863,57.344,385.437,421.682,31.13827515,,,1,811894.0126120348,0.05948591011391083,-0.4223482516977455,-0.20204796558064866
Kenya,2006,KEN,570459274.012712,699.80237063381,58.222,367.138,412.381,41.07886505,,,1,815171.9656165895,0.05870066575052458,-0.4061550813986271,-0.15567347968570808
Kenya,2007,KEN,645207871.37258,840.201439476765,58.865,360.248,402.78,50.38684845,,72.1570281982422,1,767920.4546166725,0.059969962062167356,-0.3932627828419231,-0.13184403033036396
Kenya,2008,KEN,667317334.023689,915.54435473604,59.614,344.365,401.166,55.4166069,0.169,,1,728874.9371581051,0.060528587843215007,-0.3863443369742975,-0.12479565298112774
Kenya,2009,KEN,631460883.164752,1047.9678324485,60.365,328.442,396.384,55.28591537,0.171,,1,602557.5056911717,0.052755355325008885,-0.3741844058247844,-0.1362264959666065
Kenya,2010,KEN,685757272.44336,1091.51873101194,60.649,329.774,392.736,58.93074799,0.172,,1,628259.7384358203,0.053989680905764836,-0.37018529677570206,-0.11891710014927045
Kenya,2011,KEN,934149203.154614,1096.14499807675,61.046,318.898,393.028,57.18780136,0.177,,1,852213.1696022268,0.052171748683193665,-0.3697604847260631,-0.03973109342511142
Kenya,2012,KEN,1211021439.49348,1285.00536171512,61.115,320.564,394.737,64.72195435,0.185,,1,942425.2034848381,0.0503670694911455,-0.35241817459808733,0.04853428100023037
Kenya,2013,KEN,1304277230.82376,1370.87885214659,61.389,321.812,387.989,67.89151001,0.194,,1,951416.8438600233,0.04952407713029647,-0.34453274711005216,0.0782637238939715
Kenya,2014,KEN,1440846249.81752,1482.81566253497,61.816,306.914,389.771,73.19489288,0.2,78.733039855957,1,971696.1360890263,0.04936209855975527,-0.33425402666763676,0.1218011899677907
Kenya,2015,KEN,1569267849.8376,1489.11959777284,61.892,306.191,394.214,71.3065033,,,1,1053822.575557149,0.04788500762910351,-0.3336751608970977,0.16274130285148425
Kenya,2016,KEN,1744639174.70127,1554.12610314423,62.163,308.292,386.588,74.26567078,,,1,1122585.3366542158,0.04778612921419273,-0.3277058672095919,0.2186487345869471
Kenya,2017,KEN,1962273106.47771,1667.48447230835,62.481,292.693,391.564,66.80448151,,,1,1176786.4343355924,0.04006303064251058,-0.31729661057271474,0.2880292572782727
Kenya,2018,KEN,2720366061.45975,1836.45275528993,62.676,291.343,389.762,75.6592865,0.161,,1,1481315.5708055622,0.041198602186776796,-0.30178091257867146,0.5297051992416547
Kenya,2019,KEN,2838192215.41577,1960.40808854893,62.943,291.473,381.951,86.06783295,,,1,1447755.817778004,0.04390301868918851,-0.29039857808571046,0.5672675411129339
Kenya,2020,KEN,3107932253.39579,1927.66459027849,62.675,298.533,389.647,86.67868805,,,1,1612278.5411266938,0.04496564832239696,-0.29340528574390456,0.6532592092001333
Kenya,2021,KEN,3770089638.54769,2061.35622089594,61.427,310.873,419.404,94.67254639,0.098,,1,1828936.5032255668,0.04592731010307955,-0.2811289050623439,0.8643514093491064
Kenya,2022,KEN,4059710201.31201,2109.56288513137,62.055,301.538,407.928,,0.102,82.879997253418,1,1924431.9427146146,,-0.2767022752216494,0.9566808814251132
Kenya,2023,KEN,4227611606.30686,1952.30457929636,,,,,,,1,2165446.750030446,,-0.29114269171482576,1.0102069430280298
Kuwait,2005,KWT,0.0,36122.6142741227,76.903,62.419,95.554,727.70440674,1.8,93.0,0,0.0,0.020145397041800166,2.846583491166793,-0.3375328169777099
Kuwait,2006,KWT,0.0,42946.6374104066,76.887,61.561,97.555,782.64221191,1.461,93.0,0,0.0,0.018223596982248357,3.4732069036713002,-0.3375328169777099
Kuwait,2007,KWT,0.0,45709.4132876371,77.017,61.825,94.869,881.10369873,1.879,94.0,0,0.0,0.019276197950418884,3.7269018301978925,-0.3375328169777099
Kuwait,2008,KWT,0.0,55585.1889344442,77.145,61.631,93.002,1069.66259766,1.884,94.0,0,0.0,0.019243662172697365,4.633755765675774,-0.3375328169777099
Kuwait,2009,KWT,0.0,37907.1001320042,77.442,59.198,88.59,1025.8807373,1.91,,0,0.0,0.027063023384209482,3.010445863186924,-0.3375328169777099
Kuwait,2010,KWT,4808113.94457635,39212.2726673435,77.982,53.093,81.242,1050.42126465,2.47,94.0,0,122.61757907698654,0.026788074069596192,3.1302947634130818,-0.3360000162057382
Kuwait,2011,KWT,5635456.25964623,49169.6063983139,78.464,47.498,75.861,1143.13793945,2.475,,0,114.61259652953981,0.023248873098345564,4.044637859463119,-0.3357362639415777
Kuwait,2012,KWT,2613869.43608182,52155.2225460479,78.812,43.105,72.509,1196.20715332,2.433,96.0,0,50.117117873939314,0.022935520067311907,4.318795338351803,-0.33669952951080645
Kuwait,2013,KWT,4224467.04277571,49651.0439709448,79.164,38.559,69.106,1188.28283691,2.45,96.0,0,85.08314639361497,0.02393268583849655,4.088846392852433,-0.33618607968758396
Kuwait,2014,KWT,3839517.35819112,44368.781373043,79.445,36.813,65.17,1260.87524414,2.602,,0,86.53646188542567,0.02841807246268129,3.6037968335620114,-0.33630879956912235
Kuwait,2015,KWT,34265894.5302209,29882.2126867068,79.562,34.744,64.129,1235.61889648,2.597,96.0,0,1146.6987029867503,0.04134964533699572,2.273551767796268,-0.32660903476421443
Kuwait,2016,KWT,3992522.74580202,27323.6890643847,79.701,32.864,60.943,1278.63244629,,,0,146.11946199483396,0.046795747209575904,2.0386125287030774,-0.3362600222774547
Kuwait,2017,KWT,22951786.934619,29047.6535822842,79.781,31.822,60.066,1361.48278809,,96.0,0,790.1425452352889,0.04687066320979369,2.196917462269166,-0.3302159111936451
Kuwait,2018,KWT,27716388.9948713,32067.9623689512,79.722,31.962,59.965,1660.9864502,,96.0,0,864.3015317277167,0.05179582135870903,2.4742606307961794,-0.32869698177552453
Kuwait,2019,KWT,25700374.7167045,31707.8737464917,79.685,31.812,59.479,1643.56970215,,,0,810.5360492533216,0.05183474979402717,2.441195097912817,-0.3293396762452273
Kuwait,2020,KWT,22517471.0793913,25236.0755520534,76.92,43.207,84.858,1542.32263184,2.293,96.0,0,892.2730886958019,0.0611157875422712,1.846915127190467,-0.33035436874391244
Kuwait,2021,KWT,806654918.619653,34043.542153557,78.673,34.617,64.407,1860.78369141,,,1,23694.799882490213,0.05465893305158254,2.655670412325546,-0.08037558313767458
Kuwait,2022,KWT,22100868.619101,40077.238047746,80.264,29.964,55.721,,,,0,551.4568791584674,,3.2097211585969103,-0.33048717935948835
Kuwait,2023,KWT,21283550.0675697,33729.7985494456,,,,,,,0,631.0013988482456,,2.6268605616064864,-0.33074773610193975
Lebanon,2002,LBN,2544451535.0,4290.85283803266,75.064,79.993,119.483,393.22479248,,,1,592994.3605725294,0.09164257254282628,-0.07640293176234003,0.4736245977694915
Lebanon,2003,LBN,4742999661.21,4437.71588507526,75.593,77.66,110.82,375.07540894,,,1,1068792.9971275218,0.08451992390982889,-0.06291707131451642,1.1745098729350125
Lebanon,2004,LBN,5591436083.33333,4600.68371412993,75.976,74.002,108.439,369.98364258,,,1,1215348.94175849,0.0804192736491929,-0.04795237158662265,1.4449868245610238
Lebanon,2005,LBN,4924310615.23333,4602.19804637945,76.273,72.397,105.553,349.50186157,,,1,1069991.0272456193,0.07594237754391148,-0.047813316366130475,1.2323108263852471
Lebanon,2006,LBN,5202237750.0,4635.2514117486,76.08,67.755,131.043,404.09649658,2.492,,1,1122320.5146573724,0.08717898139371018,-0.04477815482157949,1.3209124967351715
Lebanon,2007,LBN,5769240000.0,5125.25809960149,77.08,64.55,100.956,441.85903931,2.326,90.0,1,1125648.6771756103,0.08621205619759059,0.00021724697590277942,1.501669753432476
Lebanon,2008,LBN,7180590000.0,5912.04532820842,77.584,63.512,92.468,465.74645996,,,1,1214569.5104431817,0.07877924374797365,0.07246484758604924,1.951600515152983
Lebanon,2009,LBN,7558138453.77696,7090.85493856621,77.889,61.863,89.171,501.01275635,,91.0,1,1065899.4605388495,0.07065618471829944,0.1807103335674696,2.071960924260764
Lebanon,2010,LBN,6914055025.09956,7625.81051551165,78.156,60.573,86.271,572.42016602,2.319,,1,906664.9388987165,0.07506351814743377,0.22983321642838772,1.8666306038750495
Lebanon,2011,LBN,6877547081.5,7834.96257108993,78.404,59.222,83.831,647.17022705,2.702,,1,877802.1616691983,0.08260029593989132,0.2490388334348629,1.8549920685205314
Lebanon,2012,LBN,6671241574.6,8406.98405608118,78.628,58.128,81.676,595.36676025,,,1,793535.6520361623,0.07081811459120613,0.3015653339745881,1.789222986530485
Lebanon,2013,LBN,7566589339.8,8162.37929361396,78.765,57.322,81.237,583.47650146,2.341,,1,927007.8083384228,0.07148363001416723,0.27910423325570455,2.074655021108151
Lebanon,2014,LBN,7190794584.9,7577.6413302369,78.973,55.922,79.804,576.65460205,2.069,,1,948948.9237510788,0.07609948490818474,0.2254100281343834,1.9548536817361115
Lebanon,2015,LBN,7480817046.6,7714.1099998804,79.229,54.409,77.379,578.64581299,2.147,,1,969757.632016653,0.07501135101767686,0.23794141347176198,2.0473112770234163
Lebanon,2016,LBN,7605729645.2,8089.012088155,79.505,52.48,75.598,647.56518555,2.158,,1,940254.45410538,0.08005491628554376,0.2723672091084435,2.087132739195511
Lebanon,2017,LBN,7061853364.3,8608.21084982387,79.654,51.346,76.06,677.37438965,2.261,,1,820362.4989558068,0.07868933527155175,0.3200432051166034,1.9137479166163824
Lebanon,2018,LBN,6977962173.6873,9174.53666204759,79.729,51.429,72.251,744.6105957,2.425,93.0,1,760579.2456585971,0.08116056680881106,0.3720466942545761,1.887003857882537
Lebanon,2019,LBN,7370928673.22806,8905.88005497437,79.236,54.273,77.491,782.2052002,2.617,,1,827647.4225712297,0.08783019705762825,0.3473770065126059,2.0122794567552584
Lebanon,2020,LBN,6593406648.4786,5561.19166950397,77.804,60.448,89.717,522.42010498,,,1,1185610.3943755454,0.0939403163974381,0.04024732538304015,1.7644096322255562
Lebanon,2021,LBN,6353531673.92758,4045.37391066234,75.047,82.505,125.642,307.13485718,,,1,1570567.2242513003,0.07592248923405784,-0.09894430363267366,1.687938785151884
Lebanon,2022,LBN,6435335348.71818,3654.35845534878,74.416,87.799,132.863,,,,1,1761002.7662445,,-0.13484972687893995,1.7140173551097762
Liberia,2004,LBR,58446876.1064319,284.140223992458,56.013,258.334,315.56,18.20792198,0.033,,0,205697.29721893676,0.06408076168928231,-0.44432371412093513,-0.3189002683634392
Liberia,2005,LBR,31854955.6480974,287.487333441381,56.912,255.664,311.6,20.64465714,,,0,110804.72752234373,0.07181066690094529,-0.44401636212299744,-0.3273776290659081
Liberia,2006,LBR,78814942.2794417,320.55808618515,57.62,259.606,305.816,19.4780159,,,0,245867.8962598974,0.06076282814076249,-0.4409796039636928,-0.3124070388115945
Liberia,2007,LBR,61977178.0918832,374.211308104278,58.285,257.49,302.038,16.01202202,,42.9410781860352,0,165620.8050094857,0.04278871769299414,-0.4360528379871733,-0.3177748271465777
Liberia,2008,LBR,58122231.5760239,451.713856283285,58.772,257.811,300.427,26.55882072,0.014,,0,128670.4642054936,0.05879567418747515,-0.42893608145692347,-0.31900376328734525
Liberia,2009,LBR,25116904.3339374,448.386367025545,59.194,256.234,299.307,52.30115128,0.023,,0,56016.20874549575,0.11664304520886638,-0.42924163180927655,-0.329525683453758
Liberia,2010,LBR,294231962.16,492.252808033724,59.433,261.911,297.126,50.63946533,0.022,,1,597725.3097555562,0.10287288259924099,-0.4252135477289606,-0.24373325566608053
Liberia,2011,LBR,523002507.43,568.087865520004,59.62,262.846,299.333,54.34541321,,,1,920636.6465005642,0.09566374588947515,-0.4182499103613116,-0.17080244070696565
Liberia,2012,LBR,546822359.375,638.368751462083,59.913,260.38,297.508,50.35652542,,,1,856593.2435173081,0.07888313032971353,-0.4117962908903131,-0.16320880048329078
Liberia,2013,LBR,412747709.29606,710.744570927863,59.943,265.769,300.145,48.74785614,,,1,580725.7996458925,0.06858702568260301,-0.40515030184972584,-0.2059510752113369
Liberia,2014,LBR,512000267.58,706.714490064507,59.121,281.044,313.212,59.98974228,,,1,724479.6516529128,0.08488540014868565,-0.40552036844721984,-0.17430989538251898
Liberia,2015,LBR,654424479.48,692.590082351257,59.148,278.718,319.026,70.18363953,0.036,,1,944894.38436414,0.10133503398104587,-0.406817357684232,-0.1289058254157426
Liberia,2016,LBR,580127751.435,714.613063145659,60.416,266.112,298.583,68.4992981,0.05,,1,811806.8103615858,0.09585508806468299,-0.4047950733069219,-0.15259122127263722
Liberia,2017,LBR,403475872.714982,699.269095727404,60.553,267.821,300.275,72.50897217,0.052,48.3013610839844,1,576996.5742519657,0.10369251639037996,-0.4062040499520715,-0.2089068866652445
Liberia,2018,LBR,459924732.052864,692.203127129794,60.853,259.497,300.998,69.10813904,0.142,,1,664436.0795651595,0.09983794688497794,-0.40685289027204957,-0.19091129501175882
Liberia,2019,LBR,346244091.574358,658.164180770507,61.104,260.508,295.617,52.02645493,0.147,,1,526075.562436432,0.0790478370747753,-0.4099785538725,-0.22715206956333658
Liberia,2020,LBR,335579202.412664,616.787867006715,60.948,258.52,303.559,101.29130554,0.153,,1,544075.5571947892,0.16422389440241247,-0.41377797928617815,-0.2305519786604321
Liberia,2021,LBR,530708600.705179,667.96610514319,60.747,268.671,308.72,112.27044678,0.171,,1,794514.2674438735,0.1680780595235935,-0.4090784814113057,-0.16834577976730467
Liberia,2022,LBR,689738902.998364,744.617175237387,61.1,263.251,301.95,,0.18,,1,926300.0182321506,,-0.40203991279052237,-0.11764777782064709
Liberia,2023,LBR,800000000.0,771.887142089677,,,,,,,1,1036420.9433962263,,-0.39953581816091766,-0.08249713527125481
Libya,2000,LBY,9000000.0,7214.10040377084,70.68,125.232,175.326,254.31530762,,,0,1247.5567979752075,0.035252532316720785,0.1920274836473983,-0.3346636655585123
Libya,2001,LBY,10000000.0,6312.80030498965,70.861,121.767,175.193,261.96295166,,,0,1584.0830561511632,0.04149710730639522,0.10926461307828207,-0.3343448709563792
Libya,2002,LBY,7000000.0,3718.29434696755,71.004,118.964,175.727,185.19685364,,,0,1882.583611410119,0.04980693736391177,-0.12897874347405522,-0.33530125476277844
Libya,2003,LBY,8000000.0,4674.09943200321,71.132,120.497,174.135,192.35475159,,,0,1711.5596525877472,0.041153328975622856,-0.041210892733683925,-0.33498246016064537
Libya,2004,LBY,10000000.0,5773.76333234281,71.49,116.174,170.036,202.57089233,1.243,,0,1731.9726189646774,0.03508472389148018,0.059766951578558644,-0.3343448709563792
Libya,2005,LBY,15000000.0,8079.24957329001,71.592,117.575,171.282,210.62667847,,,0,1856.6080752833757,0.026070079474501143,0.2714707554685372,-0.3327508979457139
Libya,2006,LBY,16000000.0,10048.8480434289,71.724,119.059,172.375,231.38442993,,,0,1592.2223055669206,0.02302596565596451,0.4523312962336707,-0.3324321033435808
Libya,2007,LBY,0.0,11144.9448413435,71.863,120.915,172.864,269.94934082,,,0,0.0,0.02422168477842894,0.5529815874515485,-0.3375328169777099
Libya,2008,LBY,0.0,13906.1407818125,72.269,114.314,171.573,312.46572876,1.792,,0,0.0,0.022469622137629028,0.8065314345513481,-0.3375328169777099
Libya,2009,LBY,0.0,9551.05403869755,72.356,116.615,172.171,342.55401611,1.888,,0,0.0,0.03586557198002338,0.4066208155187844,-0.3375328169777099
Libya,2010,LBY,0.0,11600.9068649472,72.374,118.609,175.3,380.92901611,,,0,0.0,0.03283614122107977,0.5948508005970656,-0.3375328169777099
Libya,2011,LBY,0.0,7593.8391525702,70.071,131.173,241.154,312.84854126,,,0,0.0,0.04119767814072197,0.2268974109440439,-0.3375328169777099
Libya,2012,LBY,0.0,14975.8902795144,72.247,119.909,188.493,,,,0,0.0,,0.9047623560162456,-0.3375328169777099
Libya,2013,LBY,0.0,11951.7134126011,72.34,121.551,185.37,,,,0,0.0,,0.627063996776163,-0.3375328169777099
Libya,2014,LBY,0.0,8926.42074591474,71.511,117.078,223.09,,2.148,,0,0.0,,0.34926317799754963,-0.3375328169777099
Libya,2015,LBY,0.0,7458.48917756374,71.698,117.077,218.903,,1.963,,0,0.0,,0.2144687509692575,-0.3375328169777099
Libya,2016,LBY,0.0,7525.80299308216,71.756,116.924,220.441,,,,0,0.0,,0.22064991594283076,-0.3375328169777099
Libya,2017,LBY,0.0,9965.83236729757,72.482,115.682,198.959,,2.157,,0,0.0,,0.44470829067963163,-0.3375328169777099
Libya,2018,LBY,0.0,11196.5854810844,72.794,114.262,193.049,,,,0,0.0,,0.5577235458611415,-0.3375328169777099
Libya,2019,LBY,0.0,9963.19489084483,72.463,116.364,203.905,,,,0,0.0,,0.4444661015102503,-0.3375328169777099
Libya,2020,LBY,0.0,6650.33810585348,72.472,118.301,189.773,,,,0,0.0,,0.14025939202355683,-0.3375328169777099
Libya,2021,LBY,0.0,4935.82787349801,71.911,128.348,190.653,,,,0,0.0,,-0.01717739139824307,-0.3375328169777099
Libya,2022,LBY,0.0,5986.63694851258,72.151,124.549,191.749,,,,0,0.0,,0.0793143049700238,-0.3375328169777099
Libya,2023,LBY,0.0,6172.81246940233,,,,,,,0,0.0,,0.0964100764665239,-0.3375328169777099
Lesotho,1995,LSO,1086080389.98874,513.413448796175,56.723,288.339,462.126,,0.054,,1,2115410.869223088,,-0.42327044867133207,0.008703748833278725
Lesotho,1996,LSO,930876742.253514,479.671394625707,55.232,326.814,492.519,,,,1,1940655.1082327676,,-0.42636884982076373,-0.0407743362960736
Lesotho,1997,LSO,873843477.361819,501.981388900965,53.594,373.21,526.815,,,,1,1740788.596316303,,-0.4243202101156336,-0.05895623328557144
Lesotho,1998,LSO,631203783.446163,464.683745548265,51.783,425.736,566.706,,,,1,1358351.329249588,,-0.4277451071432794,-0.1363084579691026
Lesotho,1999,LSO,524887056.294594,455.650054387377,50.081,481.303,600.707,,,,1,1151952.1423086547,,-0.4285746357468166,-0.17020165670147708
Lesotho,2000,LSO,477597130.98118,442.779545779081,48.427,531.779,636.149,23.77390099,,86.0,1,1078634.1318925126,0.053692410177099,-0.42975648432261015,-0.18527742962666943
Lesotho,2001,LSO,401257772.249889,412.677473676821,46.849,580.334,670.047,28.24092102,,,1,972327.781002471,0.06843339610563826,-0.43252064012446845,-0.20961400512050496
Lesotho,2002,LSO,388679066.319247,388.92334985135,45.595,610.192,700.356,23.1813736,,,1,999371.8980045905,0.0596039646600291,-0.4347018886101934,-0.21362402867301286
Lesotho,2003,LSO,556865002.801642,583.270036200288,44.53,636.817,724.949,31.89407539,0.045,,1,954729.3161660392,0.054681491265647586,-0.416855790879166,-0.1600072599677302
Lesotho,2004,LSO,627155112.409885,766.685820928242,43.711,655.977,746.713,40.89277649,,,1,818007.9705277133,0.053337071553625826,-0.4000134351839873,-0.13759915244128051
Lesotho,2005,LSO,599357676.667103,861.381496414995,43.233,666.684,756.004,41.15412903,,,1,695809.7883012168,0.04777689003221034,-0.39131790087264817,-0.14646082490922024
Lesotho,2006,LSO,613862804.468687,925.467485502842,42.914,668.745,767.861,48.88100433,,,1,663300.2391598359,0.05281763551470539,-0.38543313460296313,-0.14183666846282497
Lesotho,2007,LSO,638151924.237823,861.188420899563,43.123,662.894,768.473,64.80230713,,,1,741013.1264552246,0.07524753649417407,-0.3913356302437148,-0.1340934281898608
Lesotho,2008,LSO,575859232.290364,898.482517882593,43.566,655.142,758.65,68.08209991,,,1,640924.2481951251,0.07577454046679231,-0.38791105886535543,-0.1539520021350488
Lesotho,2009,LSO,547926609.905956,878.847950537772,44.034,667.756,752.694,79.68589783,,75.8002014160156,1,623460.0758534814,0.09067085811742492,-0.38971402455684656,-0.16285677137461943
Lesotho,2010,LSO,610128813.5597,1119.47557793042,45.596,622.399,735.933,87.4557724,0.068,,1,545013.0628911513,0.07812209048962007,-0.3676181286303045,-0.143027044609024
Lesotho,2011,LSO,649334950.905017,1280.73390931581,46.692,599.09,711.226,117.34723663,,,1,507002.232221604,0.09162499390110543,-0.3528104054017278,-0.13052833965284918
Lesotho,2012,LSO,554558344.01544,1217.93071228944,47.835,571.616,684.938,124.85530853,,,1,455328.3191069163,0.10251429516487,-0.3585773778827572,-0.16074261033773418
Lesotho,2013,LSO,462916687.21205,1151.03735837227,49.002,540.148,655.398,130.44207764,,,1,402173.4688669704,0.11332566809513775,-0.36471993350842213,-0.18995747585718611
Lesotho,2014,LSO,406185190.130014,1173.5377928819,50.033,510.115,623.903,120.47213745,,76.6352005004883,1,346120.24648352404,0.10265722857902355,-0.36265380641980033,-0.20804317089786714
Lesotho,2015,LSO,347824541.092329,1121.19851342518,51.101,482.662,593.377,104.40470886,,,1,310225.65310914506,0.09311884346069207,-0.36745991818791734,-0.22664823078806362
Lesotho,2016,LSO,455325751.620089,992.491840678465,52.264,458.338,568.273,90.88587189,,,1,458770.2719136002,0.09157341971483679,-0.37927854964299273,-0.1923774251490431
Lesotho,2017,LSO,547030887.335774,1069.36673247542,53.064,436.911,546.7,115.20778656,,,1,511546.573054018,0.10773459007211834,-0.3722194283487536,-0.16314232289500222
Lesotho,2018,LSO,572517944.763749,1170.65569702819,53.733,419.449,529.304,130.57113647,0.454,86.2408676147461,1,489057.4967662439,0.11153675397596924,-0.3629184580340972,-0.15501718656270824
Lesotho,2019,LSO,529052337.543171,1082.05706777516,54.173,406.656,516.418,130.44073486,,,1,488932.01042618434,0.1205488497276783,-0.37105412438472274,-0.16887378752306464
Lesotho,2020,LSO,449887369.491716,918.582577421982,54.693,393.666,504.362,96.7264328,,,1,489762.5761140961,0.105299659690329,-0.3860653488423126,-0.19411115201590534
Lesotho,2021,LSO,474467932.363896,1066.58645143823,53.062,432.957,552.668,114.70881653000001,,,1,444847.1398864139,0.1075476032677162,-0.3724747307058019,-0.18627500125486185
Lesotho,2022,LSO,532599303.783963,1029.99553333827,53.036,430.905,549.165,,0.151,82.0100021362305,1,517088.94509258744,,-0.3758347319116237,-0.16774303383155192
Lesotho,2023,LSO,484386532.770371,916.282979328622,,,,,,,1,528642.9451361088,,-0.3862765119605893,-0.18311300498456273
Morocco,1995,MAR,1969500647.08401,1466.78820800781,64.736,189.921,237.518,,,,1,1342730.0794563813,,-0.3357257652665535,0.2903333582102587
Morocco,1996,MAR,2165473712.6724,1596.83239746094,65.238,185.2,231.858,,,,1,1356105.823075505,,-0.32378431487225157,0.3528085136833074
Morocco,1997,MAR,1892809709.27865,1426.30114746094,65.629,181.072,227.469,,0.46,,1,1327075.7810495878,,-0.3394435340278083,0.2658847012053871
Morocco,1998,MAR,2010637641.59177,1668.49755859375,66.018,176.737,223.345,,,,1,1205058.785513827,,-0.3172035828128961,0.3034476100073103
Morocco,1999,MAR,1938105631.44868,1635.65673828125,66.406,172.04,219.472,,,,1,1184909.758929764,,-0.32021922717439405,0.2803247966918322
Morocco,2000,MAR,2160962378.14278,1499.107421875,66.787,167.752,215.306,54.38904953,,,1,1441499.352621421,0.036280955411436236,-0.332758017989256,0.3513703245868479
Morocco,2001,MAR,3260920244.44892,1506.24523925781,67.18,163.755,210.52,56.32826996,0.483,,1,2164933.1459833933,0.03739647999668055,-0.3321025800757372,0.7020309549390532
Morocco,2002,MAR,2877152600.81515,1596.02062988281,67.547,160.092,205.899,63.35457993,,,1,1802703.8917575951,0.0396953389848425,-0.3238588563208677,0.5796879016752801
Morocco,2003,MAR,3613916567.1919,1941.87255859375,67.915,156.301,201.454,77.51076508,,,1,1861047.2408184179,0.039915474749862644,-0.2921006234629217,0.8145642772023378
Morocco,2004,MAR,4220836008.11524,2183.55541992188,68.231,153.488,197.358,90.9294281,0.532,52.0,1,1933010.707951826,0.041642830436267625,-0.26990782952234355,1.0080469188983188
Morocco,2005,MAR,4589226819.79731,2242.98828125,68.704,147.494,192.266,96.96191406,,,1,2046032.4550780843,0.04322889908544857,-0.2644503418150826,1.1254879211379825
Morocco,2006,MAR,5451371054.8234,2438.12646484375,69.128,142.189,187.725,110.00260162,,,1,2235885.272330513,0.04511767671044481,-0.24653156398103868,1.4003348495244436
Morocco,2007,MAR,6730472440.80241,2755.5859375,69.604,137.055,181.665,131.66958618,0.585,,1,2442483.2298674807,0.047782790726337135,-0.2173804995554176,1.8081054669554792
Morocco,2008,MAR,6894287729.1636,3183.20043945313,70.048,132.426,175.766,153.10005188,,55.0,1,2165835.2530097133,0.04809626499872638,-0.1781143286912604,1.8603288966318987
Morocco,2009,MAR,6269117560.51746,3119.58862304688,70.458,128.175,170.334,165.44444275,0.645,56.0,1,2009597.5200712385,0.05303405760866367,-0.183955553534147,1.661028021452889
Morocco,2010,MAR,6422541530.26634,3067.9853515625,70.829,124.389,165.355,168.37710571,,,1,2093406.8433525579,0.05488197837197851,-0.1886940805625808,1.7099387548466591
Morocco,2011,MAR,7256310891.67544,3301.98876953125,71.269,118.679,160.863,179.04853821,,67.0,1,2197557.713894207,0.05422445402060459,-0.1672064599351474,1.975739926687816
Morocco,2012,MAR,6507905288.19901,3164.17724609375,71.679,113.437,156.66,172.05938721,,69.0,1,2056744.8603687324,0.05437729110226404,-0.17986115429567637,1.7371522600933882
Morocco,2013,MAR,6881699960.00074,3379.7431640625,72.122,108.787,151.14,179.73484802,0.63,,1,2036160.62698943,0.053180031527589836,-0.1600665773372513,1.8563159837698817
Morocco,2014,MAR,7788695018.11779,3435.40698242188,72.538,104.592,145.857,188.40020752,0.912,76.0,1,2267182.624350069,0.0548407243985929,-0.15495518613637385,2.1454611124589666
Morocco,2015,MAR,6903543638.09132,3146.24780273438,72.92,100.723,141.134,162.5098114,,,1,2194214.8460434373,0.051651942755037906,-0.1815075451061672,1.8632796304358912
Morocco,2016,MAR,6383473883.82103,3140.85546875,73.284,96.866,136.937,161.82783508,,,1,2032399.75456799,0.051523489918625376,-0.18200270209130257,1.697484200041851
Morocco,2017,MAR,6823002118.11192,3296.52661132813,73.66,92.365,133.429,166.4662323,0.732,,1,2069754.9034385064,0.05049746352053042,-0.16770802860578682,1.8376034286188658
Morocco,2018,MAR,6919419947.6764,3501.69799804688,73.986,88.583,130.373,175.27603149,,,1,1976018.4777601613,0.05005458254474333,-0.14886794088533445,1.8683409122334083
Morocco,2019,MAR,6962578453.17233,3508.09765625,74.27,85.393,127.668,177.24557495,,,1,1984716.258045968,0.05052469808935354,-0.14828028524847428,1.882099610821641
Morocco,2020,MAR,7414138465.63963,3268.0302734375,73.92,84.929,130.197,193.10235596,,,1,2268687.2046142393,0.0590883008427226,-0.17032473610168666,2.026054505335358
Morocco,2021,MAR,10906279156.3172,3785.93627929688,74.042,83.996,128.703,221.11485291,,,1,2880735.002318291,0.05840427217942115,-0.12276744881427694,3.1393301074126136
Morocco,2022,MAR,11170423192.2348,3455.39624023438,74.973,80.565,121.984,,,77.3499984741211,1,3232747.3943992914,,-0.1531196506034855,3.223537800248788
Morocco,2023,MAR,11755209354.6739,3771.4462890625,,,,,,,1,3116896.9285774957,,-0.12409800806744628,3.4099644722364855
Madagascar,1995,MDG,9102989.43610931,273.149653945976,54.961,282.979,337.742,,0.272,,0,33326.01489551846,,-0.4453329352754295,-0.3346308330822039
Madagascar,1996,MDG,6241918.029376,339.877283663608,55.522,276.961,334.81,,0.107,,0,18365.2110023155,,-0.43920559745623655,-0.33554292720298773
Madagascar,1997,MDG,12184519.9501134,284.371843967244,56.223,275.013,322.957,,,,0,42847.13908426497,,-0.44430244536259333,-0.33364845778803104
Madagascar,1998,MDG,11462127.2289384,284.192923139852,56.917,271.245,314.308,,,,0,40332.204976468965,,-0.4443188749638988,-0.33387875268816186
Madagascar,1999,MDG,11621994.7404228,267.360530991414,57.372,272.872,307.586,,,,0,43469.373348888315,,-0.4458645278431492,-0.3338277877884442
Madagascar,2000,MDG,11270072.5540781,280.282905559649,57.938,270.259,300.028,11.3951807,,71.0,0,40209.63223417004,0.04065599604530612,-0.4446779166186716,-0.33393997868182174
Madagascar,2001,MDG,10871296.0869891,319.283278235657,58.57,266.786,292.661,13.39314079,0.087,,0,34049.06184584211,0.041947517151570884,-0.4410966646025045,-0.33406710646698745
Madagascar,2002,MDG,29323596.1441193,304.941777398445,58.892,264.318,293.35,15.31476879,0.133,,0,96161.29477006462,0.050221943744983545,-0.44241358865384117,-0.3281846128118346
Madagascar,2003,MDG,16231547.7,352.620095849925,59.491,257.227,288.899,17.98666191,0.144,,0,46031.261096668015,0.05100861272993107,-0.4380354747445129,-0.3323582871866845
Madagascar,2004,MDG,11506654.2,272.20074858856,60.149,245.004,286.432,14.57165813,0.152,,0,42272.676543563335,0.053532762880184145,-0.44542006955111013,-0.33386455773013807
Madagascar,2005,MDG,101672956.266869,305.812074924388,60.57,243.259,282.37,16.26181221,0.176,59.0,0,332468.74340069015,0.05317583425710293,-0.4423336726285421,-0.3051200273369205
Madagascar,2006,MDG,150260189.029423,324.146874882604,61.315,233.207,274.828,16.76423645,0.166,,1,463555.877513373,0.05171802583650232,-0.4406500595035636,-0.2896306797996353
Madagascar,2007,MDG,254488696.945114,419.548001431865,61.757,225.671,274.812,19.71751213,0.177,,1,606578.2605961078,0.04699703505369252,-0.43188974637431676,-0.25640319408772916
Madagascar,2008,MDG,313991941.099283,512.579800058444,62.142,224.14,270.313,21.33732986,0.181,,1,612571.8201604547,0.04162733267594067,-0.42334699938143877,-0.237433881041974
Madagascar,2009,MDG,283721276.649106,446.315238370592,62.734,215.519,265.372,19.96823883,0.177,64.4809112548828,1,635697.0415908627,0.04474021300034492,-0.42943181547067155,-0.24708400547167178
Madagascar,2010,MDG,455825544.213646,450.009391645726,62.873,215.233,266.705,21.57974052,0.19,,1,1012924.5137454794,0.0479539781182808,-0.42909259579258,-0.19221809396803102
Madagascar,2011,MDG,335015246.964639,506.163691559309,63.494,204.814,262.061,23.37224197,0.14,,1,661871.352195526,0.04617526377286861,-0.4239361655847814,-0.230731764613106
Madagascar,2012,MDG,330495619.941639,493.511162904211,63.544,206.354,263.928,19.71853828,0.139,72.0,1,669682.1567251706,0.039955607415160556,-0.4250979979121826,-0.23217259731169312
Madagascar,2013,MDG,357754330.944225,515.301589361832,63.962,196.64,264.351,19.75903702,0.149,,1,694262.0366983165,0.03834460717357829,-0.42309706809202985,-0.22348266738296346
Madagascar,2014,MDG,344438244.030645,505.684922503435,64.255,196.729,259.267,23.07670021,0.177,,1,681132.1214116391,0.04563454274206335,-0.42398012907869137,-0.22772776401254755
Madagascar,2015,MDG,326844541.396424,445.320069480568,64.339,198.543,258.218,22.81040573,,,1,733954.2136011595,0.05122249656658547,-0.4295231979459989,-0.2333365414438716
Madagascar,2016,MDG,299204626.141945,453.970714522463,64.997,188.364,251.055,24.77560616,,,1,659083.541229486,0.05457534014294676,-0.42872884297265557,-0.24214799723041494
Madagascar,2017,MDG,342776977.918857,491.866848718929,65.094,188.439,251.676,24.17928314,,,1,696889.7757830645,0.04915818824337344,-0.42524898886655565,-0.22825736668169216
Madagascar,2018,MDG,425502225.716378,500.45718552916,65.27,187.404,250.993,21.67276382,0.195,77.0,1,850227.0284449445,0.043305929950999175,-0.4244601717627612,-0.2018850042237219
Madagascar,2019,MDG,407676204.197602,499.818837622534,65.882,177.536,245.413,15.88729572,,,1,815647.9378343907,0.03178610833391233,-0.4245187887597476,-0.20756784366141565
Madagascar,2020,MDG,495356527.446368,450.771615201509,65.182,184.575,256.518,17.21605492,,,1,1098907.9851998403,0.03819241127750221,-0.4290226037781807,-0.1796158298964264
Madagascar,2021,MDG,439712454.828004,490.206238571448,64.485,197.519,270.716,17.64008904,,74.6861419677734,1,896994.8161194515,0.03598503579107131,-0.4254014762155392,-0.19735485988786136
Madagascar,2022,MDG,385290310.633864,497.242514792961,65.23,189.181,261.605,,,77.4800033569336,1,774853.9176990708,,-0.42475536243057777,-0.2147043456934607
Madagascar,2023,MDG,385290310.633864,506.159368687808,,,,,,,1,761203.5545893563,,-0.4239365625372005,-0.2147043456934607
Mali,1995,MLI,112110941.548004,265.717051612187,47.816,339.561,358.164,,0.043,,0,421918.5064255097,,-0.4460154421405402,-0.3017924539721502
Mali,1996,MLI,110719833.683181,267.161312421177,47.792,349.186,358.67,,0.063,,0,414430.6399746695,,-0.44588282130696416,-0.30223593165044066
Mali,1997,MLI,91724874.6223142,253.332746924326,48.531,337.359,350.617,,,,0,362072.7116250537,,-0.4471526445078271,-0.3082914220667836
Mali,1998,MLI,84462836.0284946,267.442574037141,49.164,330.597,341.897,,,19.0,0,315816.71815933404,,-0.4458569941504493,-0.31060652077097534
Mali,1999,MLI,86308388.6924512,306.457426717778,49.797,325.695,334.038,,,,0,281632.55698134576,,-0.4422744124919682,-0.31001816854375364
Mali,2000,MLI,73163954.8545947,256.199554978241,50.539,317.481,326.82,14.40365124,0.044,,0,285574.09032505343,0.05622043817064124,-0.4468893967125217,-0.3142085430993576
Mali,2001,MLI,88167264.5797696,291.159497911347,51.284,306.63,323.032,13.53196239,,,0,302814.3172805408,0.04647611528070517,-0.44367916159106885,-0.30942556894484124
Mali,2002,MLI,137653692.706477,318.042432039222,52.222,291.049,316.546,16.34092712,,,1,432815.4951648122,0.051379707466155916,-0.44121060666607537,-0.29364956277920085
Mali,2003,MLI,153798953.420543,371.627016389759,52.893,282.858,313.651,19.29068756,,24.0,1,413852.9940978243,0.051908732974806394,-0.43629014340960787,-0.2885025408135255
Mali,2004,MLI,155463489.680968,416.278344366266,53.538,275.375,310.809,22.3169117,0.057,,1,373460.430466645,0.053610551694623525,-0.4321899862221671,-0.2879718956386473
Mali,2005,MLI,177256553.18265,461.457920288884,54.003,272.804,309.725,24.62482452,0.062,,1,384122.8969949915,0.053363098643066424,-0.42804132208742707,-0.28102438463036783
Mali,2006,MLI,212030181.372183,493.628706470251,54.615,267.559,304.723,27.65656662,0.058,26.0,1,429533.73374155903,0.056027062967552006,-0.4250872043452502,-0.2699387396669624
Mali,2007,MLI,344376072.21803,564.157958339126,54.941,269.125,303.674,30.42856026,0.061,,1,610424.9122566113,0.05393624216448404,-0.4186107784004913,-0.22774758405081405
Mali,2008,MLI,432735385.808445,658.493183322369,55.291,268.585,303.761,34.10325623,0.064,,1,657160.0082860645,0.051789839429977155,-0.4099483428521601,-0.19957911183000662
Mali,2009,MLI,455566651.299885,662.883388148082,55.874,262.326,299.599,35.57579422,0.119,,1,687250.0645590407,0.05366825426020888,-0.4095452074766578,-0.19230062763146857
Mali,2010,MLI,473206780.830655,670.369098976461,56.382,257.389,297.009,32.20446396,0.099,31.0,1,705889.9068485716,0.048039899227411746,-0.40885782386575537,-0.18667704955613093
Mali,2011,MLI,785135446.147004,789.06272549554,56.755,255.63,296.038,32.52751923,0.114,31.0,1,995022.8553172757,0.04122298288716194,-0.39795865136786973,-0.08723587480270624
Mali,2012,MLI,827417011.957934,733.738935290444,57.079,254.41,296.724,28.26848984,0.103,,1,1127672.2171359332,0.03852663185825102,-0.40303881911036643,-0.07375673985244764
Mali,2013,MLI,894763366.194044,758.475532598732,57.357,252.575,298.985,30.89883041,0.116,,1,1179686.5261142373,0.04073807141033629,-0.4007673539190116,-0.05228708564863425
Mali,2014,MLI,921490603.724098,797.154510755732,57.9,248.234,292.669,36.67969894,0.1,,1,1155974.8973263549,0.04601328656501773,-0.39721561430721924,-0.04376658659412466
Mali,2015,MLI,816930232.686644,704.821646439506,58.363,243.937,289.451,29.7465477,0.097,33.0,1,1159059.510747816,0.04220436169954254,-0.4056941808901069,-0.07709986847789588
Mali,2016,MLI,827242532.87385,730.85493818079,58.731,244.024,284.615,28.3053112,0.12,,1,1131883.3460070523,0.038729041457195676,-0.40330364530957663,-0.07381236284263876
Mali,2017,MLI,885444663.073199,775.536492065709,59.132,238.8,284.189,29.23488998,0.116,,1,1141718.8902545902,0.03769634347202711,-0.3992007125949289,-0.0552578379024402
Mali,2018,MLI,1022573591.76964,835.086710561793,59.393,234.545,287.255,31.96352005,0.123,35.0,1,1224511.8726434023,0.03827568999211709,-0.39373244843694344,-0.011541875637724346
Mali,2019,MLI,971700936.136416,820.197390833912,59.664,235.567,284.075,32.17400742,,,1,1184715.956177899,0.03922715163393535,-0.39509967655903855,-0.02775980364977062
Mali,2020,MLI,997137083.775438,804.343956745857,58.633,257.229,312.723,28.85294724,,31.0,1,1239689.9055592662,0.035871404264328256,-0.39655543554018147,-0.019650897083390604
Mali,2021,MLI,1131458579.74862,862.467400106111,58.941,253.914,311.356,40.1202507,,,1,1311885.6198036175,0.046517990935151785,-0.39121818657464696,0.02317007078329859
Mali,2022,MLI,1106994887.60067,813.965034073188,59.417,248.278,305.841,,0.195,,1,1360002.9992211363,,-0.39567196955737055,0.01537117777828701
Mali,2023,MLI,1045130736.94591,869.270234286992,,,,,,,1,1202308.207186187,,-0.39059350886122296,-0.004350779515997475
Malta,1995,MLT,15190289.2349044,9828.23235954568,77.290243902439,55.077,89.945,,,88.0,0,1545.5769337963216,,0.4320730189790305,-0.3326902347647823
Malta,1996,MLT,13121567.3102585,10061.6952382544,77.3414634146342,55.422,102.858,,,,0,1304.1109872191832,,0.45351100399577676,-0.33334973214767377
Malta,1997,MLT,9111576.98391652,9893.3092968134,77.7390243902439,53.501,93.757,,2.379,,0,920.9837386617768,,0.4380487801527019,-0.3346280954183174
Malta,1998,MLT,13097150.3833185,10408.0619868925,77.5878048780488,50.635,91.646,,2.507,,0,1258.3659090244207,,0.48531651075844723,-0.3333575161321829
Malta,1999,MLT,20135248.6017701,10609.1947240571,77.5,52.867,88.829,,,,0,1897.9054608274835,,0.5037857450519709,-0.3311138084108582
Malta,2000,MLT,17497061.3431313,10348.4865480967,78.3487804878049,50.36,98.555,647.0,2.565,,0,1690.7845665943655,0.06252121959988406,0.47984593071876597,-0.33195484826832844
Malta,2001,MLT,12930129.4156126,10357.7040358668,78.8439024390244,47.34,86.163,686.0,3.036,,0,1248.3586488702488,0.06623089418509254,0.4806923366476245,-0.3334107615151306
Malta,2002,MLT,21201644.6945299,11251.2060862043,78.7390243902439,50.708,89.571,831.0,3.217,,0,1884.3886186145287,0.07385874844288322,0.5627391428615836,-0.33077384709275054
Malta,2003,MLT,25794804.037383,13593.974199672,78.5463414634146,49.501,87.679,1074.0,3.082,,0,1897.517507279467,0.07900559352436566,0.7778663956052358,-0.32930957268751193
Malta,2004,MLT,319219551.908666,15212.1267402818,79.2536585365854,49.702,81.886,1224.0,3.386,,1,20984.54459121556,0.08046212215408652,0.9264550282489875,-0.2357673469338902
Malta,2005,MLT,222082588.835843,15831.3440511034,79.3,47.021,80.573,1380.0,3.43,92.0,1,14028.031234679942,0.08716884653288916,0.9833153372836657,-0.2667340864291054
Malta,2006,MLT,208795974.103382,16653.607176998,79.4390243902439,46.368,82.067,1474.0,3.804,,1,12537.58251196002,0.08850935321903666,1.0588205510900308,-0.2709697874864357
Malta,2007,MLT,229286698.436007,19444.1875016088,79.7926829268293,44.983,78.692,1596.0,3.293,,1,11792.043170589459,0.08208108463611287,1.315068651507199,-0.2644374551753981
Malta,2008,MLT,264462405.60039,22315.3198630182,79.6365853658537,45.491,77.136,1751.0,3.324,,1,11851.159079223738,0.07846627387590459,1.5787135310933214,-0.2532236296051793
Malta,2009,MLT,259902916.946395,21176.3112406361,80.2414634146342,42.961,75.364,1677.0,3.025,,1,12273.285653624913,0.07919226256846543,1.4741228145064782,-0.25467716997655987
Malta,2010,MLT,229566340.672971,21946.6069676515,81.3975609756098,39.006,64.021,1734.0,3.054,,1,10460.220161200474,0.07900993545634881,1.5448560648868224,-0.26434830673972554
Malta,2011,MLT,227124909.986339,23516.9691249323,80.7463414634146,38.34,70.288,1960.0,3.114,93.0,1,9657.915898079951,0.08334407336198951,1.6890562931408986,-0.2651266216641059
Malta,2012,MLT,200108441.489539,22878.313086001,80.7463414634146,38.033,66.413,1899.0,3.212,,1,8746.643195996092,0.08300437155753317,1.6304110015673892,-0.27373932598958384
Malta,2013,MLT,245878450.107811,25346.5236450477,81.7463414634146,33.37,62.594,2121.0,3.351,,1,9700.677440073787,0.08368011446865255,1.8570571445245978,-0.2591480943024947
Malta,2014,MLT,252779864.011929,27356.6080303021,82.0463414634146,31.138,56.113,2456.0,3.508,,1,9240.175672800235,0.0897772120461558,2.041635348870495,-0.2569479608027757
Malta,2015,MLT,274400266.635686,25481.8977555627,81.8975609756097,29.26,53.663,2243.0,3.583,,1,10768.439198206279,0.08802327132445828,1.86948802076894,-0.25005549315037834
Malta,2016,MLT,251428716.529282,26409.6285858968,82.4536585365854,28.953,49.224,2321.0,3.727,,1,9520.34276860483,0.08788461346402479,1.9546779222654007,-0.2573786993269293
Malta,2017,MLT,24258539.1095355,30259.3952629768,82.3463414634146,25.778,49.28,2552.0,3.869,,0,801.6861837029668,0.0843374422331051,2.3081869717455117,-0.32979932565395603
Malta,2018,MLT,20654420.9130952,33332.1905601302,82.4487804878049,25.975,49.449,2754.0,3.916,,0,619.6538711080295,0.082622832574771,2.5903497716914994,-0.3309482990804308
Malta,2019,MLT,13189443.8165583,32412.2697818499,82.8585365853659,26.21,49.162,2944.0,4.029,,0,406.9274970660671,0.09082980056054482,2.5058770367948657,-0.3333280934838537
Malta,2020,MLT,13715972.1049008,31796.8213417258,82.3487804878049,23.879,48.614,3135.0,4.187,,0,431.3629956118234,0.09859476097650222,2.449362808447576,-0.3331602391076598
Malta,2021,MLT,13973833.3600288,38027.3801730893,82.5073170731707,22.098,42.594,3642.0,4.276,94.9400024414062,0,367.46768503178697,0.0957730977896111,3.0214907099431114,-0.33307803433142574
Malta,2022,MLT,12186287.2099568,36142.2058531852,82.7,27.791,47.57,,,,0,337.1760777263911,,2.848382509412089,-0.3336478943951324
Malta,2023,MLT,15372124.5491281,40395.7692064458,,,,,,,0,380.537983336018,,3.2389706317694436,-0.3326322666481306
Mozambique,1995,MOZ,59099998.47,191.826096861406,46.04,368.311,439.066,,,,0,308091.5445654907,,-0.45280056014123393,-0.31869205647940124
Mozambique,1996,MOZ,61000000.0,244.362651012498,46.636,369.818,438.554,,,,0,249628.98277314947,,-0.4479763334078362,-0.3180863462475927
Mozambique,1997,MOZ,63599998.47,287.532091475389,47.408,364.279,439.003,,,39.0,0,221192.69589580325,,-0.4440122521674115,-0.3172574807698025
Mozambique,1998,MOZ,46299999.24,320.125121723292,48.024,366.668,441.505,,,,0,144630.94614617762,,-0.4410193614004958,-0.3227726271412327
Mozambique,1999,MOZ,38000000.0,354.406245723711,48.812,365.795,441.459,,,,0,107221.58669185573,,-0.43787145957240636,-0.3254186220966533
Mozambique,2000,MOZ,36799999.24,327.12623979157,49.491,366.16,443.673,6.96425152,0.024,,0,112494.79486404787,0.021289186475647155,-0.4403764760515343,-0.3258011758614969
Mozambique,2001,MOZ,41817001.34,304.792138621913,50.065,373.868,445.991,8.52990627,,,0,137198.42489728038,0.027985978603539817,-0.44242732939869517,-0.3242017826731266
Mozambique,2002,MOZ,52554813.39,313.886661721198,50.59,375.247,450.487,9.95218277,,,0,167432.45189781435,0.0317062939706555,-0.44159221483566363,-0.3207786261528672
Mozambique,2003,MOZ,69478279.11,339.488737800648,50.87,389.229,453.907,11.15465164,,48.0,0,204655.62292319254,0.03285720672875502,-0.4392412761064551,-0.31538351663194714
Mozambique,2004,MOZ,57518516.54,400.056973161545,51.249,395.081,456.081,14.22916508,0.026,,0,143775.81294345728,0.0355678466683149,-0.433679531432786,-0.31919622438205625
Mozambique,2005,MOZ,58891885.4418847,436.773856167384,51.561,401.465,458.416,18.49229622,,,0,134833.8152806373,0.04233837707748065,-0.43030796336126026,-0.318758401789398
Mozambique,2006,MOZ,80032492.16,457.487647833183,51.961,403.384,458.579,18.09505653,0.026,,0,174939.13232206614,0.039553104036151226,-0.42840589671226026,-0.3120188904818448
Mozambique,2007,MOZ,99385835.74,507.874923914304,52.566,398.6,460.122,19.3034668,,,0,195689.5902125103,0.03800830852451608,-0.42377902979604504,-0.30584914901531407
Mozambique,2008,MOZ,115743972.100213,592.159111184122,53.164,391.082,458.462,24.26328468,,,0,195460.93256720042,0.04097426556771452,-0.4160395418147744,-0.3006342634427215
Mozambique,2009,MOZ,111125263.22,547.697144193651,53.788,386.314,451.501,27.63411713,0.046,51.0,0,202895.45855420618,0.05045510538617912,-0.4201223107218862,-0.30210668290255743
Mozambique,2010,MOZ,115777234.51,496.185839392659,54.198,376.276,448.875,26.17583847,0.05,,0,233334.4189179473,0.05275410217679676,-0.4248523928087027,-0.30062365956602743
Mozambique,2011,MOZ,129669769.55,618.17649286789,54.869,364.691,441.539,30.28253746,0.053,,0,209761.72831876285,0.04898687965229965,-0.4136504671927336,-0.2961947943853309
Mozambique,2012,MOZ,174107424.238,685.685748199513,55.639,347.634,433.07,35.03115845,0.056,,1,253917.22767342717,0.05108923226417568,-0.40745135574385655,-0.28202830993934325
Mozambique,2013,MOZ,152410998.675332,686.505672517351,56.492,328.273,420.951,41.17826843,0.058,,1,222009.8169275942,0.05998241540962541,-0.4073760652936663,-0.2889450132943038
Mozambique,2014,MOZ,155464965.93,697.142680444123,57.274,311.432,410.274,43.08488846,,,1,223003.08142224085,0.061802109766902036,-0.4063993103687788,-0.2879714250184245
Mozambique,2015,MOZ,142879136.459263,610.563774706589,58.151,293.808,397.887,39.91206741,,56.0,1,234011.81396312718,0.06536920312571777,-0.414349513391347,-0.2919837195170627
Mozambique,2016,MOZ,93372689.548241,441.489734819071,59.038,273.924,384.264,31.38208961,,,0,211494.58794666317,0.07108226338005535,-0.4298749226293254,-0.30776610756308387
Mozambique,2017,MOZ,257936772.461252,470.93856305196,59.771,258.86,368.919,36.26471329,0.076,61.0,1,547707.902257291,0.07700518949856908,-0.4271707516625779,-0.25530396622543716
Mozambique,2018,MOZ,417729496.408596,517.507260258101,60.526,237.235,359.782,40.8117218,0.084,,1,807195.4318095131,0.07886212413647221,-0.4228945299416925,-0.20436290837088433
Mozambique,2019,MOZ,879252924.389868,519.09255091362,61.166,224.848,347.809,40.41284943,0.085,,1,1693826.8962680236,0.07785287875711576,-0.42274895888770675,-0.057231730772504645
Mozambique,2020,MOZ,396813813.343005,462.433876479921,61.172,219.484,355.094,34.37060928,0.083,60.0,1,858098.494780658,0.07432545716942598,-0.4279517038392662,-0.21103071523212075
Mozambique,2021,MOZ,739247615.939314,509.907829475551,59.325,260.731,409.38,44.52215576,0.081,,1,1449767.1406607796,0.08731412460520914,-0.42359235601217193,-0.1018646673765166
Mozambique,2022,MOZ,246111017.832076,578.251663751351,59.625,253.029,397.263,,0.082,,1,425612.2952339729,,-0.4173166084359605,-0.2590739529673686
Mozambique,2023,MOZ,664552122.813588,622.985619320596,,,,,,,1,1066721.44942659,,-0.4132088638791491,-0.1256771873886658
Mauritania,1995,MRT,5448170.45761037,904.719170071042,60.259,223.929,270.285,,0.138,,0,6021.94651980521,,-0.3873383714346593,-0.33579596964432284
Mauritania,1996,MRT,4365199.85910873,904.120879798142,60.063,226.095,274.984,,,,0,4828.115306974576,,-0.38739331009547356,-0.336141214825394
Mauritania,1997,MRT,2693388.35718676,859.28395817576,60.452,217.169,268.253,,,,0,3134.4566968348404,,-0.39151050962309913,-0.3366741793079907
Mauritania,1998,MRT,2207179.52345792,821.266378551937,60.609,211.367,267.603,,,,0,2687.5318180559584,,-0.3950015155888284,-0.33682918005969287
Mauritania,2005,MRT,0.0,998.96583416747,61.656,196.373,250.491,33.17791367,,,0,0.0,0.03321226065519068,-0.3786840680869379,-0.3375328169777099
Mauritania,2006,MRT,0.0,1300.60367988659,61.891,196.08,247.052,34.37842178,,,0,0.0,0.026432665316614916,-0.3509858419159241,-0.3375328169777099
Mauritania,2007,MRT,0.0,1405.15016203368,62.228,191.185,243.801,39.64344025,,45.5037803649902,0,0.0,0.028212956395082978,-0.34138574647368813,-0.3375328169777099
Mauritania,2008,MRT,0.0,1635.5630623124,62.399,191.159,244.237,48.52267838,,,0,0.0,0.029667262301337025,-0.3202278290730246,-0.3375328169777099
Mauritania,2009,MRT,0.0,1435.43010811893,62.8,186.881,238.287,44.13393021,0.134,,0,0.0,0.030746136618128788,-0.33860525719816026,-0.3375328169777099
Mauritania,2010,MRT,0.0,1659.96369705455,63.105,185.908,233.596,43.3949852,0.16,,0,0.0,0.026142129058003095,-0.31798721401295776,-0.3375328169777099
Mauritania,2011,MRT,0.0,1931.19975525465,63.346,182.822,233.11,47.4840889,,,0,0.0,0.02458787019354127,-0.29308066534082455,-0.3375328169777099
Mauritania,2012,MRT,0.0,1859.11733247641,63.578,182.802,229.693,49.02023697,,,0,0.0,0.026367478864124896,-0.29969971290863373,-0.3375328169777099
Mauritania,2013,MRT,0.0,1934.24103064714,63.911,177.643,228.601,55.34606934,,62.0,0,0.0,0.028613843085255428,-0.29280139689071116,-0.3375328169777099
Mauritania,2014,MRT,0.0,1713.00865264234,64.155,178.97,224.238,59.37288666,0.162,,0,0.0,0.03466000394593249,-0.31311630275976526,-0.3375328169777099
Mauritania,2015,MRT,0.0,1554.94897871782,64.485,173.052,223.822,57.40904617,0.175,65.1120223999023,0,0.0,0.03692021214569906,-0.3276303057571039,-0.3375328169777099
Mauritania,2016,MRT,0.0,1565.76575722696,64.768,172.328,219.675,48.89683914,,,0,0.0,0.031228706410464904,-0.32663704320122783,-0.3375328169777099
Mauritania,2017,MRT,77170265.8334297,1615.00401327323,65.083,166.507,219.352,54.19649506,0.19,,0,47783.327594972274,0.03355811788365563,-0.322115686310535,-0.3129313527848385
Mauritania,2018,MRT,60391856.6609151,1722.93528854073,65.31,167.164,215.489,55.62037659,0.199,,0,35051.72658693702,0.03228233640574432,-0.31220477852587675,-0.3182802190614161
Mauritania,2019,MRT,64458913.6407564,1767.072710621,65.687,159.031,215.025,60.7460022,0.205,,0,36477.79361501412,0.034376628553474814,-0.30815181131126795,-0.31698366324967514
Mauritania,2020,MRT,168665175.560508,1795.76459566714,64.532,180.01,232.762,63.2988472,0.208,59.5296592712402,1,93923.87842341198,0.03524896712672075,-0.30551714748323905,-0.28376326944119357
Mauritania,2021,MRT,13175224.8223905,1947.78918383313,64.364,186.323,237.908,89.28845215,0.224,66.9599990844727,0,6764.194468141805,0.04584092205209076,-0.2915573228579901,-0.33333262642244216
Mauritania,2022,MRT,109289566.242757,1960.35240077424,64.691,182.78,234.562,,0.236,,0,55749.95913979198,,-0.2904036916767277,-0.3026918931900545
Mauritania,2023,MRT,167738734.71534,2120.82320358953,,,,,,,1,79091.33322920991,,-0.2756682841232573,-0.2840586137818287
Mauritius,1995,MUS,132000000.0,3648.01649622256,70.3258536585366,121.327,230.957,,0.85,,0,36184.04690238739,,-0.13543208423475045,-0.2954519294961448
Mauritius,1996,MUS,160000000.0,3951.94494649336,70.3229268292683,121.163,234.304,,,,1,40486.39395697331,,-0.10752352078729324,-0.28652568063641887
Mauritius,1997,MUS,168000000.0,3695.73668844327,70.4048780487805,119.805,230.318,,,,1,45457.783971824436,,-0.13105012522061438,-0.2839753238193543
Mauritius,1998,MUS,180000000.0,3641.62142564086,70.6073170731707,119.743,228.588,,,,1,49428.53167894113,,-0.13601931860823976,-0.2801497885937575
Mauritius,1999,MUS,178000000.0,3745.69625069831,70.9609756097561,116.634,219.245,,,,1,47521.205160940495,,-0.12646253359581042,-0.28078737779802365
Mauritius,2000,MUS,177000000.0,3981.98343249582,71.6634146341463,115.2,217.068,115.9647522,0.888,84.0,1,44450.21005249644,0.029122359287998303,-0.10476520384882215,-0.28110617240015673
Mauritius,2001,MUS,615851.281321729,3908.55694927435,71.7658536585366,113.597,215.105,116.41130829,0.904,,0,157.56487351068682,0.02978370529092906,-0.11150767124167135,-0.3373364869135078
Mauritius,2002,MUS,633981.312605333,4073.06053055903,71.9658536585366,112.147,215.995,132.39851379,0.961,,0,155.65231791885958,0.03250590380296367,-0.09640194938007265,-0.33733070715739805
Mauritius,2003,MUS,573714.311614763,4858.26575549747,72.1170731707317,109.084,214.017,157.65351868,0.944,,0,118.0903516785933,0.032450575290494124,-0.024299617992721265,-0.33734991995200064
Mauritius,2004,MUS,729710.022019936,5460.60800184198,72.2658536585366,106.252,212.871,184.65751648,1.042,,0,133.63164354112018,0.033816292328200645,0.03101111972930343,-0.3373001893615675
Mauritius,2005,MUS,609194.496202642,5354.02974260642,72.4321951219512,103.114,212.13,192.0113678,1.067,,0,113.78242660005792,0.03586296248450164,0.021224454126445462,-0.33733860906067137
Mauritius,2006,MUS,728800.694863442,5695.97525509869,72.4321951219512,99.693,211.024,203.08328247,1.107,,0,127.95011604221139,0.03565382105342053,0.052623976028593124,-0.3373004792501566
Mauritius,2007,MUS,703594.969659412,6574.6635764099,72.5707317073171,95.47,211.78,229.03910828,1.122,,0,107.0161174761752,0.03483662785451099,0.1333104953195765,-0.3373085146992945
Mauritius,2008,MUS,633706.427620866,8030.05228087539,72.5707317073171,92.303,209.244,312.62826538,1.137,,0,78.9168495365989,0.038932282685701154,0.2669531601082702,-0.3373307947892473
Mauritius,2009,MUS,660462.957147867,7318.12640972422,72.8824390243903,89.733,205.024,301.46151733,1.152,,0,90.25027994463902,0.041193811154918325,0.20157978579202712,-0.3373222649520623
Mauritius,2010,MUS,814358.909237384,8000.37643182154,72.9673170731707,88.357,197.517,357.00109863,1.169,,0,101.79007402680043,0.04462303763733244,0.2642281427055275,-0.33727320375324604
Mauritius,2011,MUS,518994.669072475,9197.04299089459,73.2668292682927,86.832,192.239,385.77191162,1.407,89.0,0,56.43060161687825,0.04194521130345138,0.37411336259719474,-0.33736736427867375
Mauritius,2012,MUS,861942.599941731,9291.23627601053,73.8634146341464,86.288,187.628,387.2303772,1.336,92.0,0,92.7694199497671,0.04167694865319569,0.38276276436145995,-0.3372580343294999
Mauritius,2013,MUS,552880.102738492,9764.64413060045,74.0170731707317,82.448,182.597,440.10235596,1.585,91.0,0,56.620609552566876,0.0450710082286365,0.4262339600806347,-0.3373565617853301
Mauritius,2014,MUS,327038003.840485,10366.3550754936,74.1943902439024,81.408,180.284,544.39526367,1.88,92.0,1,31548.022565193955,0.05251559103517185,0.4814867278541598,-0.23327486666098946
Mauritius,2015,MUS,223577781.357291,9507.87133656424,74.3531707317073,80.78,177.845,515.37243652,1.972,93.0,1,23515.019655081174,0.05420481812138559,0.4026555165109214,-0.26625742712411804
Mauritius,2016,MUS,194066629.081208,9965.72531085228,74.3948780487805,80.051,177.357,539.51226807,2.14,93.0,1,19473.407406671857,0.05413677893394197,0.44469846010406966,-0.27566542317246034
Mauritius,2017,MUS,250243134.926374,10841.6847754844,74.5146341463415,81.023,177.644,594.62731934,2.261,,1,23081.57266223351,0.054846394416907626,0.5251343991361153,-0.25775665634232464
Mauritius,2018,MUS,244621262.470942,11643.4605962124,74.4163414634146,81.11,174.708,641.56152344,1.849,,1,21009.326260829785,0.05510058784831538,0.5987583436647934,-0.25954887893499695
Mauritius,2019,MUS,318511666.223381,11403.2527870674,74.2358536585366,78.93,170.933,670.97399902,2.538,,1,27931.65004503012,0.058840579223233706,0.576700998009509,-0.23599301706928635
Mauritius,2020,MUS,284728298.412929,9011.04288445023,74.1770731707317,100.889,198.757,569.434021,2.658,,1,31597.707619865632,0.06319290988866952,0.35703369872462526,-0.24676297236913453
Mauritius,2021,MUS,272474595.808307,9068.97300226707,73.680243902439,103.808,197.368,564.90075684,,92.1500015258789,1,30044.702497205973,0.062289385655772224,0.36235319535999927,-0.25066938661563193
Mauritius,2022,MUS,273838051.54573,10239.7970461095,73.5146341463415,98.032,190.48,,1.197,,1,26742.527250554427,,0.46986539793356735,-0.2502347242862941
Mauritius,2023,MUS,315381359.563439,11613.0441587588,,,,,,,1,27157.509715105305,,0.5959653209195943,-0.23699094193549702
Malawi,1995,MWI,523432.034803867,200.362370007247,43.641,449.756,555.528,,,,0,2612.42684833951,,-0.45201670749274625,-0.3373659496704309
Malawi,1996,MWI,647354.187443113,320.662735559137,43.441,472.572,567.422,,,,0,2018.8008011418187,,-0.4409699944200945,-0.3373264439570848
Malawi,1997,MWI,744944.638451002,366.954461274104,43.131,497.926,583.905,,,,0,2030.0738022491314,,-0.43671920591030766,-0.33729533264808376
Malawi,1998,MWI,746886.715295286,236.045479450504,42.848,519.974,603.88,,,64.0,0,3164.164452689294,,-0.4487400668129665,-0.3372947135244689
Malawi,1999,MWI,746883.914742791,233.935986197873,43.568,518.25,593.222,,,,0,3192.685002772702,,-0.4489337733456409,-0.3372947144172699
Malawi,2000,MWI,746886.210153826,224.22415918428,44.518,520.769,583.218,8.91786003,,,0,3330.980090954396,0.03977207479534264,-0.4498255725179726,-0.33729471368550523
Malawi,2001,MWI,746885.969847193,215.474524898357,45.895,508.809,570.035,7.48628187,,,0,3466.237923947213,0.03474323414116544,-0.45062901728727,-0.3372947137621137
Malawi,2002,MWI,843693.591438662,428.210439838398,47.221,499.114,558.529,11.26511002,,,0,1970.2779590265548,0.026307415634825092,-0.43109430846232455,-0.337263852014905
Malawi,2003,MWI,13912158.8000891,383.348596852642,48.79,491.458,542.796,12.41096115,0.011,,0,36291.143137891515,0.03237513128232666,-0.4352137964214882,-0.3330976958482234
Malawi,2004,MWI,18321016.4009197,404.674248445428,50.453,468.87,521.423,16.05879211,0.021,,0,45273.492126817066,0.03968325677181209,-0.4332555450632974,-0.3316921758435053
Malawi,2005,MWI,22531879.4932516,414.361121984475,52.044,436.408,501.302,17.35436821,,,0,54377.39763166248,0.041882230955659544,-0.43236603727114725,-0.3303497754193485
Malawi,2006,MWI,14789977.6869082,440.822149023873,53.238,415.531,483.72,21.07893753,,,0,33550.89511645033,0.04781732854548209,-0.4299362244275128,-0.33281785192545504
Malawi,2007,MWI,21013521.9620242,475.180261659331,53.946,407.216,472.482,25.1716423,,,0,44222.211353318664,0.05297282806339755,-0.42678125303353104,-0.3308338196044119
Malawi,2008,MWI,16674296.9648808,554.048820396119,54.604,409.028,460.522,32.93960953,0.019,,0,30095.356854941874,0.05945253977158496,-0.41953906108488664,-0.3322171411109421
Malawi,2009,MWI,16656710.0742612,625.869729869625,55.448,394.789,451.467,35.80582047,0.019,,0,26613.70134921042,0.05720970157393411,-0.4129440272632438,-0.33222274771673993
Malawi,2010,MWI,21767663.6228217,683.124694716799,56.381,377.88,441.805,34.2412796,,61.3097190856934,0,31864.846624884285,0.050124493909849514,-0.4076865272901562,-0.33059340331370596
Malawi,2011,MWI,25320230.6859264,763.061000394572,57.455,355.616,435.591,39.60096741,,,0,33182.44632189764,0.051897511980723295,-0.40034628830701485,-0.3294608641102725
Malawi,2012,MWI,28303298.9931756,558.46208832772,58.679,334.542,422.928,32.80570221,,,0,50680.788516778404,0.05874293509920187,-0.419133807914379,-0.3285098780361272
Malawi,2013,MWI,34132322.30587,496.947368267313,59.729,315.592,417.766,39.87806702,0.013,,0,68683.97839569577,0.08024605736225408,-0.42478246458416025,-0.32665161686833244
Malawi,2014,MWI,38487169.2417952,529.5133440206,60.899,286.222,414.236,35.64556885,,65.1453704833984,0,72684.04031060246,0.06731760257322855,-0.4217920581258996,-0.3252633151720437
Malawi,2015,MWI,41493977.0380251,539.605363240686,61.378,286.502,408.396,35.27587891,,62.1435394287109,0,76896.89514727284,0.0653734771984939,-0.42086534738702086,-0.324304761076954
Malawi,2016,MWI,39053133.1253821,450.506105510719,62.209,270.016,400.549,34.32816696,0.031,,0,86687.24496221705,0.07619911592781559,-0.4290469844968819,-0.32508288894095394
Malawi,2017,MWI,78880384.2345767,495.769683367165,62.977,253.524,393.318,37.93450165,,,0,159106.91371613825,0.07651638033281245,-0.42489060679239254,-0.3123861762695444
Malawi,2018,MWI,181067327.48283,533.203173686705,63.276,252.369,392.518,36.97562408,0.15,,1,339584.1143084043,0.06934621904881201,-0.42145323546795155,-0.2798095303535231
Malawi,2019,MWI,280913154.558341,580.889816066776,64.119,234.306,378.171,41.78248596,,,1,483591.11622994737,0.07192841878845559,-0.41707435720474645,-0.2479792196363383
Malawi,2020,MWI,231650864.507432,602.507478176106,63.717,237.901,384.223,42.5414238,0.049,70.1522674560547,1,384477.9905615099,0.0706072959107167,-0.41508929166045017,-0.2636837717932817
Malawi,2021,MWI,318635670.624362,617.447520802454,62.904,254.994,395.225,46.55551147,,,1,516053.0407673403,0.07539994882398265,-0.41371740585254485,-0.23595348513561284
Malawi,2022,MWI,264337125.032351,604.269751184515,62.898,256.969,393.686,,0.049,68.0800018310547,1,437448.87860791676,,-0.414927469007707,-0.2532635683740223
Malawi,2023,MWI,179747922.998322,602.343619809252,,,,,,,1,298414.2557287216,,-0.41510433813478864,-0.2802301493812143
Namibia,1995,NAM,15604817.6428179,2483.20353415161,58.634,326.446,426.414,,,,0,6284.147645653746,,-0.24239231262867952,-0.3325580853459087
Namibia,1996,NAM,13513673.2904728,2423.3982907313,56.918,373.601,465.726,,,,0,5576.331939391946,,-0.24788399473017145,-0.33322473087771737
Namibia,1997,NAM,13303062.0552761,2459.64511763936,55.558,404.956,500.644,,0.295,,0,5408.529043427082,,-0.2445555900756179,-0.3332918726026466
Namibia,1998,NAM,11215053.0129828,2235.24515468625,54.101,445.946,533.507,,,,0,5017.370461342975,,-0.26516136290834835,-0.33395751861453477
Namibia,1999,NAM,9901885.80460058,2177.78733370092,53.036,470.28,562.005,,,,0,4546.764347174969,,-0.27043749036891657,-0.33437614923226516
Namibia,2000,NAM,9161114.18078652,2156.67590512714,51.99,501.543,586.278,200.05258179,,,0,4247.793634179103,0.09275968693970572,-0.2723760704633198,-0.33461230322735047
Namibia,2001,NAM,8454651.75410639,1915.58926594875,51.26,524.649,601.809,185.71792603,,85.0,0,4413.603638522678,0.0969508074258382,-0.2945141156507623,-0.3348375196355859
Namibia,2002,NAM,7555142.47621051,1772.07565537493,51.254,527.951,605.937,173.69114685,,,0,4263.442394964801,0.09801564979642531,-0.3076924104194963,-0.3351242783379477
Namibia,2003,NAM,11791151.9816061,2569.24739317883,51.083,536.55,608.337,257.41162109,,,0,4589.34083689674,0.10018950365519864,-0.23449124085739378,-0.3337738613730432
Namibia,2004,NAM,14594461.8082208,3403.15496192955,51.246,527.488,609.69,347.8963623,0.308,,0,4288.509330749343,0.10222759944576451,-0.15791676330829338,-0.3328801813322119
Namibia,2005,NAM,17498634.6327054,3685.77299991587,51.787,521.357,604.191,375.39160156,,,0,4747.615936495497,0.10184881205884588,-0.1319650518528197,-0.3319543467121046
Namibia,2006,NAM,16442777.0484392,4017.1834716928,52.655,500.794,601.465,410.32162476,,,0,4093.11079872346,0.10214161928409375,-0.10153292162448088,-0.33229094841059
Namibia,2007,NAM,15682090.9432008,4379.04313682732,53.68,477.658,590.573,465.08157349,0.385,76.4865875244141,0,3581.1684089877913,0.10620620965770122,-0.06830476080411613,-0.3325334510348576
Namibia,2008,NAM,13563415.9682696,4204.78555422749,54.653,458.094,581.899,413.3742981,,,0,3225.709324137338,0.09831043528115092,-0.08430615453956504,-0.3332088731805401
Namibia,2009,NAM,76511274.5893722,4302.91374148376,55.496,440.57,571.569,386.20196533,,,0,17781.270828587207,0.08975359222442308,-0.07529542606848753,-0.31314143563629704
Namibia,2010,NAM,69207299.2302732,5418.21633365814,56.015,438.559,560.469,522.15911865,,,0,12773.077885494376,0.09637103550227963,0.02711845828185381,-0.3154699035548907
Namibia,2011,NAM,78755190.5167114,5834.7917675794,56.553,419.645,550.465,569.14294434,,88.0,0,13497.515190569258,0.0975429744558155,0.06537095461079151,-0.31242608735102084
Namibia,2012,NAM,80114673.1338055,5942.64680978673,57.64,388.723,526.753,557.58959961,,,0,13481.311560005139,0.09382849384414466,0.075274862211049,-0.3119926916309975
Namibia,2013,NAM,64103034.9519808,5346.62131149967,58.694,363.641,505.335,495.19512939,,,0,11989.447394395806,0.09261832857414452,0.02054416681078079,-0.31709711545467095
Namibia,2014,NAM,80721935.1055502,5378.32326241205,59.822,342.353,475.479,466.1987915,,,0,15008.75480462443,0.08668106559495291,0.0234552332399289,-0.3117990997923246
Namibia,2015,NAM,46673693.3503089,4774.10650865775,60.7,319.94,454.913,495.62979126,,,0,9776.424817013834,0.10381624087380223,-0.03202763318190082,-0.3226534954760173
Namibia,2016,NAM,66479264.6968217,4395.68776162376,61.682,294.909,436.567,430.21606445,,,0,15123.745885049935,0.09787229843893162,-0.06677634986800055,-0.31633958623858766
Namibia,2017,NAM,48292447.4746354,5143.96072323076,62.293,282.195,425.564,475.58203125,0.601,,0,9388.183556017597,0.09245444451047478,0.0019346359130895142,-0.3221374453990014
Namibia,2018,NAM,53670691.329037,5308.60813408705,62.586,277.518,419.617,472.99014282,0.335,,0,10110.12490909108,0.08909871116364529,0.017053565082925742,-0.3204228902892628
Namibia,2019,NAM,65593517.2338818,4731.9210318831,63.075,270.991,409.246,432.14578247,0.368,,0,13861.921361730421,0.09132565390636382,-0.035901360876947286,-0.31662195774862595
Namibia,2020,NAM,64026883.0532919,3878.58982993966,62.829,264.932,415.244,378.42468262,0.416,,0,16507.773665329285,0.0975675952375421,-0.11425943485756364,-0.31712139226891517
Namibia,2021,NAM,72291500.1467872,4412.8355693052,59.269,326.501,496.221,456.43600464,0.467,92.25,0,16382.096955896655,0.10343372135025321,-0.06520173361132613,-0.31448667695081217
Namibia,2022,NAM,82371495.5419147,4349.04532248966,58.059,348.105,521.268,,0.543,,0,18940.13270359763,,-0.07105934302233785,-0.31127322882931935
Namibia,2023,NAM,87666070.5312331,4168.28521087347,,,,,,,0,21031.68715579867,,-0.0876578386199531,-0.3095853469021359
Niger,1995,NER,7705122.96629063,237.01998956862,45.774,287.226,317.089,,,,0,32508.325480538886,,-0.44865058135203845,-0.3350764653672849
Niger,1996,NER,4498072.65850385,239.494513213973,46.676,285.246,315.047,,0.024,,0,18781.52696753061,,-0.44842335550300383,-0.3360988556941765
Niger,1997,NER,5335212.2751347,220.562957209,47.505,283.712,312.953,,0.035,,0,24189.067568944432,,-0.4501617664067975,-0.3358319801031629
Niger,1998,NER,18782891.2085683,246.090855923026,48.191,281.689,313.524,,0.033,,0,76325.02694225805,,-0.44781763909556405,-0.33154493264796564
Niger,1999,NER,26628265.5741953,228.271656116064,48.738,284.466,313.29,,,,0,116651.65105148334,,-0.4494539066708845,-0.32904386964849064
Niger,2000,NER,14460552.8692145,194.771959898935,49.322,285.544,312.371,8.95671749,,,0,74243.50443830785,0.045985661871696226,-0.45253005303531096,-0.33292287077914445
Niger,2001,NER,21992150.0958046,205.417936120931,49.841,287.858,314.259,9.591741559999999,,14.0,0,107060.51531380232,0.046693787996941384,-0.45155247458687364,-0.3305218382378671
Niger,2002,NER,19055424.4824812,225.294391147438,50.562,287.043,312.844,10.75085354,0.033,,0,84580.11042987253,0.04771913532887015,-0.44972729729358785,-0.33145805051134053
Niger,2003,NER,25538999.3670974,265.225363452469,51.434,287.272,305.818,12.44939899,,,0,96291.69335335547,0.046938945913560993,-0.44606059194533676,-0.3293911218355994
Niger,2004,NER,59819315.2557564,283.468281798296,52.589,274.755,301.378,13.95743465,0.022,,0,211026.48548990497,0.049238082516517734,-0.4443854159502377,-0.31846274217087844
Niger,2005,NER,66396291.6094392,318.643121918273,53.59,268.731,295.811,18.53794861,,29.0,0,208371.95923051753,0.05817777737802449,-0.4411554476587932,-0.3163660376109675
Niger,2006,NER,78177635.3489454,333.345078419447,54.596,261.797,290.549,19.78735733,,,0,234524.64251046997,0.05935998042575458,-0.43980542437058445,-0.3126102088209387
Niger,2007,NER,79455329.8941434,387.168065883301,55.553,255.087,285.945,20.83684349,,,0,205221.80648569448,0.053818600566815804,-0.4348630694866364,-0.3122028866967547
Niger,2008,NER,94105372.4236593,475.044955398162,56.508,248.561,279.829,24.71139526,0.019,,0,198097.82496223808,0.05201906678345417,-0.42679367767943477,-0.3075325322173252
Niger,2009,NER,102125604.17868,461.131533961487,57.396,242.832,273.62,24.40502357,0.027,,0,221467.4049751917,0.05292421309889918,-0.42807129287008466,-0.3049757256259683
Niger,2010,NER,134423547.478468,474.425692340831,58.367,234.331,266.331,23.33815765,,,0,283339.51901976066,0.049192440516551306,-0.4268505421891928,-0.294679315641996
Niger,2011,NER,166152208.678693,510.75956176268,58.994,231.214,263.941,24.68768311,,,1,325304.1570191772,0.04833523434157639,-0.42351414476029864,-0.2845643897184554
Niger,2012,NER,151834370.002531,528.510104469655,59.65,228.399,257.051,22.56604767,0.053,31.0,1,287287.544208625,0.042697476319103485,-0.42188418169852204,-0.2891288394026279
Niger,2013,NER,145912239.085974,552.103334363117,60.239,222.732,254.589,24.43749619,0.051,,1,264284.29245820834,0.044262540486537834,-0.4197177074746531,-0.2910167827719516
Niger,2014,NER,219080291.987395,565.30989731175,60.786,217.746,250.698,24.89271736,0.027,,1,387540.1669583353,0.0440337547217442,-0.41850500034030497,-0.2676912024583918
Niger,2015,NER,171586253.022659,485.662574175279,61.083,213.254,256.035,25.72568893,0.032,,1,353303.4294726864,0.05297029315813703,-0.4258187031844901,-0.28283204571384724
Niger,2016,NER,176370907.300439,502.706475406446,61.629,208.822,248.855,22.42886543,0.033,,1,350842.7202133022,0.044616225426310475,-0.42425362825162877,-0.2813067237570181
Niger,2017,NER,264041277.585807,521.804130023434,62.16,203.484,243.116,28.69141388,0.022,,1,506016.0746024548,0.0549850264288086,-0.4224999651605264,-0.25335788294303535
Niger,2018,NER,296677560.021195,578.568035680892,62.454,204.492,239.18,30.08619118,0.036,,1,512779.0367334204,0.05200112920962329,-0.41728755723637484,-0.24295361226894335
Niger,2019,NER,308661888.805164,561.691304349698,62.897,197.324,238.442,31.21994209,0.038,,1,549522.2845981555,0.055582028506111734,-0.4188372816097352,-0.2391330729424261
Niger,2020,NER,520943729.781565,579.512495758236,61.451,226.218,269.44,34.85019302,0.034,,1,898934.4209048686,0.06013708638741585,-0.41720083115341466,-0.17145876790827894
Niger,2021,NER,353331220.113843,608.722439593808,61.576,222.879,274.319,34.34204865,,,1,580447.1744948585,0.056416597148802296,-0.4145185960085791,-0.22489273124032552
Niger,2022,NER,725241177.554711,609.745147574878,62.08,216.52,269.6,,0.023,38.0999984741211,1,1189416.8907111308,,-0.4144246847259977,-0.10632984432863746
Niger,2023,NER,623844413.435543,642.937917863471,,,,,,,1,970302.7245750615,,-0.4113767221717496,-0.13865458540358827
Nigeria,1995,NGA,250043007.16431,1271.61617353199,45.487,381.306,441.851,,,,1,196634.0255564701,,-0.3536476514949881,-0.2578204559926076
Nigeria,1996,NGA,296587337.297782,1632.72469370276,45.567,382.019,444.379,,,,1,181651.7741427485,,-0.3204884653851527,-0.24298237478615717
Nigeria,1997,NGA,585738409.765356,1720.27540949396,45.792,384.041,441.748,,,,1,340491.0670307483,,-0.3124490248380374,-0.1508025736825068
Nigeria,1998,NGA,448546824.808174,1822.46998452473,46.036,390.14,435.947,,,,1,246120.28105645184,,-0.30306489584751034,-0.19453851042493672
Nigeria,1999,NGA,1301055577.27525,480.669363941805,46.614,383.269,430.326,,,,1,2706757.8565975963,,-0.4262772101932391,0.07723667813276364
Nigeria,2000,NGA,1391826072.13562,547.318298903379,47.193,379.255,423.432,17.65198708,0.269,,1,2542992.0302762007,0.03225177582289497,-0.4201570986063732,0.10617382192719711
Nigeria,2001,NGA,1166614597.96595,566.428231812933,47.619,378.258,419.779,18.48871803,,,1,2059598.2552494542,0.0326408836841064,-0.41840230804758305,0.03437761962347522
Nigeria,2002,NGA,1208958587.64914,712.164852077686,47.928,378.092,420.191,18.06385422,,,1,1697582.4966959497,0.025364708981775917,-0.40501988297466573,0.04787665496725451
Nigeria,2003,NGA,1062820789.1282,763.388745367223,48.441,373.899,415.995,39.0772438,0.262,55.0,1,1392240.5793616164,0.051189179873489164,-0.4003161927652659,0.0012887136311689168
Nigeria,2004,NGA,2272734507.11605,962.48104194733,48.767,375.315,413.857,44.16435242,,,1,2361329.115135362,0.04588594527601803,-0.38203432416739314,0.3870026759724476
Nigeria,2005,NGA,14640084309.7026,1211.37703504386,49.297,372.034,408.494,53.92662048,0.279,,1,12085489.39444979,0.044516792806830366,-0.35917917648719666,4.329647035728515
Nigeria,2006,NGA,16932144078.5376,1599.53891556365,49.73,371.36,403.447,65.7237854,0.344,70.0,1,10585640.595415587,0.041089206871118895,-0.32353578587760207,5.060343317799482
Nigeria,2007,NGA,18014430786.8869,1815.52697545827,50.033,371.27,401.725,69.15039063,0.373,,1,9922425.296016188,0.038088330035716086,-0.3037024452736168,5.405370478381607
Nigeria,2008,NGA,19199974036.2717,2154.10543545364,50.225,376.039,398.158,80.09986115,0.371,51.0776596069336,1,8913200.681947269,0.03718474492086851,-0.27261210666167085,5.78331526688078
Nigeria,2009,NGA,18370796914.562,1820.48633854782,50.712,370.645,392.408,68.00685883,0.373,,1,10091147.912275005,0.03735642360505064,-0.3032470463159991,5.5189780762674925
Nigeria,2010,NGA,19744755062.5939,2202.25672957344,50.945,370.421,389.891,75.58924866,,,1,8965691.782183044,0.03432354077748285,-0.26819056124260177,5.95698851741681
Nigeria,2011,NGA,20616772500.8206,2418.41316975875,51.357,365.599,384.258,83.10647583,,,1,8524917.395681085,0.03436405196151422,-0.24834175893365984,6.234982969689389
Nigeria,2012,NGA,20542884459.8857,2633.19734671361,51.497,365.771,383.27,91.06047821,,,1,7801498.237693603,0.034581714250794385,-0.22861896620164132,6.211427861077156
Nigeria,2013,NGA,20797073957.3776,2872.79083379398,51.707,363.371,381.514,100.81700897,0.376,,1,7239327.594871131,0.03509375196552511,-0.20661803134403858,6.292462100796491
Nigeria,2014,NGA,20999084800.0,3088.72131316169,51.791,363.219,381.987,106.11964417,,,1,6798633.696901851,0.0343571444007596,-0.18678997813512,6.3568620669968645
Nigeria,2015,NGA,20626046924.0079,2585.73360671797,51.841,364.599,381.935,96.28328705,,,1,7976864.61993593,0.037236352112935106,-0.23297737620880477,6.237939605739398
Nigeria,2016,NGA,19697938003.8912,2070.4127339595,52.043,365.831,376.717,78.23602295,0.443,58.2213401794434,1,9514015.095058102,0.037787645751376255,-0.2802972808125513,5.942063491814642
Nigeria,2017,NGA,22037016831.8378,1876.34027111773,52.305,361.489,375.885,72.77430725,,,1,11744680.413809175,0.0387852397404702,-0.29811819766912695,6.687749196127763
Nigeria,2018,NGA,24311022415.6069,2057.87944554011,52.554,361.014,372.918,65.70272064,0.376,62.0160102844238,1,11813628.086083654,0.031927390490435505,-0.2814481637744661,7.412689901453811
Nigeria,2019,NGA,23809281401.0144,2265.15520863056,52.91,357.041,370.397,69.68148041,0.367,,1,10511103.747018168,0.03076234252933475,-0.26241483938454563,7.2527375743329525
Nigeria,2020,NGA,17207547305.9955,2019.65706326224,52.887,357.014,377.226,69.76184845,,,1,8520034.227098487,0.034541432661502225,-0.28495797596863365,5.148140380123086
Nigeria,2021,NGA,19483402058.9106,2017.27486481527,52.676,366.108,386.451,83.84061432,0.395,63.1555404663086,1,9658278.303435251,0.041561324032894066,-0.2851767239550181,5.87367059059131
Nigeria,2022,NGA,20127614150.5134,2139.37478476974,53.633,349.871,364.597,,0.394,,1,9408175.834268201,,-0.2739647648246946,6.079041928023137
Nigeria,2023,NGA,19549549365.0159,1596.63696129001,,,,,,,1,12244204.436568193,,-0.3238022610130998,5.8947579947233235
Oman,1995,OMN,39011704.2720098,7414.30279204109,71.99,99.472,157.769,,1.14,,0,5261.682098266482,,0.21041128763282446,-0.32509609623578156
Oman,1996,OMN,39000000.0,8068.00076784612,72.191,99.101,158.793,,,,0,4833.911290071886,,0.27043782156531365,-0.3250998274945202
Oman,1997,OMN,39000000.0,8234.64063759005,72.415,98.906,158.478,,0.856,,0,4736.090099909174,,0.28573971045883684,-0.3250998274945202
Oman,1998,OMN,39000000.0,7219.02932432025,72.97,91.306,152.658,,0.921,,0,5402.388361079593,,0.19248008718536302,-0.3250998274945202
Oman,1999,OMN,39000000.0,7915.44169380534,73.184,91.353,152.099,,0.94,,0,4927.07817310076,,0.25642891718811955,-0.3250998274945202
Oman,2000,OMN,39000000.0,9753.84755185404,73.466,90.379,149.412,254.94284058,1.39,,0,3998.42213984437,0.02613766918384322,0.4252425523901364,-0.3250998274945202
Oman,2001,OMN,39011703.5110533,9611.96360191054,73.808,90.323,144.127,252.54681396,1.431,,0,4058.6611775453525,0.026274216634549267,0.41221390299701166,-0.3250960964783704
Oman,2002,OMN,39011703.5110533,9869.13050219438,73.869,90.976,145.451,266.52600098,1.471,,0,3952.9017781636517,0.02700602661204434,0.4358285358053672,-0.3250960964783704
Oman,2003,OMN,39011703.5110533,10463.5425832141,74.14,85.185,144.793,282.28857422,1.532,81.0,0,3728.3456535683176,0.02697829840850029,0.4904110773946556,-0.3250960964783704
Oman,2004,OMN,39011703.5110533,11800.8507411171,74.329,84.652,143.805,298.48162842,1.568,,0,3305.8382286903116,0.025293229697416285,0.6132108664252113,-0.3250960964783704
Oman,2005,OMN,39011703.5110533,14434.8577924647,74.396,84.205,144.45,319.71044922,1.663,,0,2702.603937769185,0.022148500097236536,0.8550814542167972,-0.3250960964783704
Oman,2006,OMN,39011703.5110533,16930.8565071853,74.48,84.216,143.671,335.85211182,1.788,,0,2304.177788908499,0.019836687628736766,1.0842792750607648,-0.3250960964783704
Oman,2007,OMN,39011703.5110533,18792.653772482,74.461,84.588,144.019,391.79608154,1.884,,0,2075.901784993132,0.020848363742735753,1.2552408519007707,-0.3250960964783704
Oman,2008,OMN,39011703.5110533,26576.779241509,74.612,83.331,143.071,462.29165649,1.959,87.0,0,1467.8868028569386,0.01739457036118089,1.9700267146317643,-0.3250960964783704
Oman,2009,OMN,39011703.5110533,20655.9180249218,74.681,82.776,142.277,507.65176392,2.062,,0,1888.6453491916873,0.02457657719727138,1.4263371364449198,-0.3250960964783704
Oman,2010,OMN,39011703.5110533,23570.1798147325,76.269,72.184,105.022,558.36657715,2.034,87.0,0,1655.1296518607426,0.02368953404424153,1.693942423120006,-0.3250960964783704
Oman,2011,OMN,39011703.5110533,25188.0074151885,76.608,69.991,97.707,540.3850708,1.973,,0,1548.8205505104402,0.02145406192290324,1.8425012177775775,-0.3250960964783704
Oman,2012,OMN,39011703.5110533,24642.2978768596,77.061,67.111,88.435,562.94659424,1.995,,0,1583.1195494023843,0.022844728079057762,1.7923908406122784,-0.3250960964783704
Oman,2013,OMN,39011703.5110533,23458.0233840053,77.246,64.856,85.516,590.36437988,2.01,,0,1663.0430822084172,0.02516684250057215,1.6836435357989887,-0.3250960964783704
Oman,2014,OMN,39011703.5110533,23160.6502252547,77.446,61.772,82.73,725.40899658,2.158,,0,1684.3958667669178,0.03132075263539034,1.6563369191885093,-0.3250960964783704
Oman,2015,OMN,39011703.5110533,18808.3077921839,77.687,58.534,79.4,765.78533936,2.127,93.0,0,2074.1740268236813,0.04071527049755293,1.2566782994370869,-0.3250960964783704
Oman,2016,OMN,39011703.5110533,17110.1897460545,77.916,55.087,76.241,713.32019043,1.96,,0,2280.0275210302184,0.04168978842531463,1.1007467465026772,-0.3250960964783704
Oman,2017,OMN,39011703.5110533,17820.0661809335,77.924,54.49,76.563,703.93798828,2.011,96.0,0,2189.20082085855,0.039502546238193846,1.1659319290843773,-0.3250960964783704
Oman,2018,OMN,39011703.5110533,19901.7615642016,77.966,53.744,76.456,639.32489014,2.103,96.0,0,1960.2135914051858,0.03212403525575289,1.3570858919017839,-0.3250960964783704
Oman,2019,OMN,39011703.5110533,19180.1864152801,78.002,53.222,76.463,728.25482178,2.086,,0,2033.958516689609,0.03796912115514311,1.290826462066107,-0.3250960964783704
Oman,2020,OMN,39011703.5110533,16784.8630630058,74.757,72.522,102.505,855.29675293,1.994,,0,2324.2193495778906,0.05095643316954385,1.0708732668500625,-0.3250960964783704
Oman,2021,OMN,39011703.5110533,19403.4600160211,72.541,92.926,136.709,852.62341309,1.997,,0,2010.55396711937,0.043941823385417016,1.311328805452751,-0.3250960964783704
Oman,2022,OMN,39011703.5110533,23665.6394740852,73.935,81.128,119.304,,2.058,97.0,0,1648.4533854989484,,1.702708111088157,-0.3250960964783704
Oman,2023,OMN,39011703.5110533,21549.8368728192,,,,,,,0,1810.3015693941863,,1.5084222155521696,-0.3250960964783704
West Bank and Gaza,1995,PSE,582100000.0,1326.56285737146,69.662,138.265,184.193,,,,1,438803.1797855487,,-0.34860211195831464,-0.1519624790760505
West Bank and Gaza,1996,PSE,542300000.0,1317.46675131385,70.055,134.722,176.082,,,,1,411623.29103120725,,-0.3494373718782314,-0.16465050424094665
West Bank and Gaza,1997,PSE,623300000.0,1389.16497137651,70.396,131.549,169.877,,,86.0,1,448686.8103090579,,-0.34285360414636684,-0.13882814146816808
West Bank and Gaza,1998,PSE,1058245497.68833,1465.04605685868,70.632,128.901,166.947,,0.5,,1,722329.1668777957,,-0.33588574020748857,-0.00016986458304727573
West Bank and Gaza,1999,PSE,1096285162.25875,1499.49217657019,70.855,126.318,164.226,,,,1,731104.2894310384,,-0.33272268746717804,0.011956975148955135
West Bank and Gaza,2000,PSE,863808161.539177,1476.17185000238,70.388,125.801,188.48,,,,1,585167.7509890086,,-0.33486410204371164,-0.06215543780053031
West Bank and Gaza,2001,PSE,805742463.195066,1335.55319529359,69.887,124.376,215.617,,0.837,,1,603302.4113411988,,-0.34777656431349796,-0.08066646900171996
West Bank and Gaza,2002,PSE,771775117.578353,1156.21747345769,70.969,119.774,176.533,,,,1,667499.9602543154,,-0.36424426375655206,-0.0914950754331164
West Bank and Gaza,2003,PSE,310077968.431949,1257.69857009689,71.053,116.552,183.375,,,,1,246543.9460649632,,-0.35492565070223236,-0.23868163440121642
West Bank and Gaza,2004,PSE,398558392.986794,1422.19088643544,71.182,114.008,185.417,,,92.0,1,280242.5446458424,,-0.3398209632566731,-0.2104745526586896
West Bank and Gaza,2005,PSE,378337238.862269,1543.70141392774,72.067,109.714,157.104,,,,1,245084.46740334382,,-0.32866312573593,-0.216920947442489
West Bank and Gaza,2006,PSE,464056317.922282,1570.10439962728,71.915,108.036,170.039,,,93.0,1,295557.6189917322,,-0.3262386426020168,-0.1895941677383391
West Bank and Gaza,2007,PSE,598543423.200691,1664.24571669276,72.153,105.561,167.078,,,94.0,1,359648.46849065943,,-0.3175940128610098,-0.14672040451908056
West Bank and Gaza,2008,PSE,740724365.514133,2035.20234121766,72.413,103.817,159.723,,,94.0,1,363956.12883923773,,-0.2835305137625103,-0.101393887583362
West Bank and Gaza,2009,PSE,755235907.86924,2191.78178736868,72.608,101.716,157.599,,,94.0,1,344576.2311840041,,-0.26915243430473046,-0.09676768621192847
West Bank and Gaza,2010,PSE,927139386.648927,2557.07562356699,73.004,98.29,150.895,,,95.0,1,362578.0082935579,,-0.23560892695810992,-0.04196578508906773
West Bank and Gaza,2011,PSE,1141713035.89829,2880.79843707909,73.243,95.543,148.312,,,95.0,1,396318.2641323216,,-0.20588272438562305,0.026439136051623603
West Bank and Gaza,2012,PSE,1737049552.88773,3067.43872735614,73.466,92.967,145.932,,,96.0,1,566286.6343168694,,-0.1887442749301417,0.2162292041205591
West Bank and Gaza,2013,PSE,1489335822.02899,3315.29753909282,74.029,89.734,129.616,,,96.0,1,449231.42024728307,,-0.16598436756641483,0.13725940384854904
West Bank and Gaza,2014,PSE,1804542444.53874,3352.11259506043,72.622,94.898,174.357,,,96.0,1,538329.9019244933,,-0.16260378465494907,0.23774557366125318
West Bank and Gaza,2015,PSE,1817412108.70603,3272.15432360708,74.406,85.457,126.21,,,96.0,1,555417.6022794042,,-0.16994604066953586,0.2418483531290506
West Bank and Gaza,2016,PSE,2086576175.52323,3527.61382413178,74.554,83.463,126.479,,,97.0,1,591497.9018534662,,-0.14648819171759692,0.32765640471855867
West Bank and Gaza,2017,PSE,2378923436.81488,3620.36048715937,74.833,81.285,122.408,,1.774,97.0,1,657095.7354253542,,-0.13797162761397597,0.42085513356672255
West Bank and Gaza,2018,PSE,2833912788.45597,3562.33094270256,74.793,80.056,130.484,,2.168,97.0,1,795522.0427403704,,-0.14330025420966627,0.5659032828979268
West Bank and Gaza,2019,PSE,3152859814.38834,3656.85827137011,75.241,77.946,118.03,,,97.0,1,862177.1970416186,,-0.13462017852972782,0.6675818731315624
West Bank and Gaza,2020,PSE,2559660846.32057,3233.56863835858,74.403,82.815,128.515,,,98.0,1,791590.0766590505,,-0.17348921355763466,0.47847324412065056
West Bank and Gaza,2021,PSE,3760462368.10567,3678.63565662194,73.473,88.074,142.072,,,,1,1022243.7662007742,,-0.13262044623260694,0.8612822874989151
West Bank and Gaza,2022,PSE,4595305698.96783,3799.95527015163,73.444,88.008,142.898,,,98.0,1,1209305.2081595853,,-0.12148013959597076,1.1274258350045634
West Bank and Gaza,2023,PSE,3244247812.49679,3372.34974423005,,,,,,,1,962014.0431897857,,-0.16074548622618148,0.6967158736282832
Qatar,2005,QAT,0.0,53949.6764091147,76.064,78.847,104.215,1347.96057129,2.533,,0,0.0,0.024985517263682134,4.483573033385988,-0.3375328169777099
Qatar,2006,QAT,0.0,62582.4453138755,76.57,65.552,99.226,1321.56274414,2.279,,0,0.0,0.021117147748251842,5.276286510821501,-0.3375328169777099
Qatar,2007,QAT,0.0,65954.3419525051,77.016,59.923,92.027,1276.88183594,,93.0,0,0.0,0.019360087571785728,5.585914619653085,-0.3375328169777099
Qatar,2008,QAT,0.0,80781.4039187792,77.427,57.919,85.107,1277.08239746,3.192,94.0,0,0.0,0.01580911367601421,6.947425854473132,-0.3375328169777099
Qatar,2009,QAT,0.0,60785.7351551657,77.878,54.691,78.438,1305.49035645,3.183,95.0,0,0.0,0.021476919759504737,5.11130162896406,-0.3375328169777099
Qatar,2010,QAT,0.0,77387.3267885308,78.425,52.009,70.644,1306.5255127,4.038,96.0,0,0.0,0.01688293893740795,6.635760997659951,-0.3375328169777099
Qatar,2011,QAT,573626373.626374,103261.506539346,78.891,52.221,63.084,1487.85217285,,96.0,1,5555.084298598759,0.014408584793241225,9.011685945071548,-0.1546638254244549
Qatar,2012,QAT,803296703.296703,108470.378825036,79.227,51.098,58.184,1713.98034668,,97.0,1,7405.678047759288,0.015801367758147784,9.489996358411775,-0.0814461640554316
Qatar,2013,QAT,574395604.395604,103697.008372373,79.536,44.718,56.034,2027.0144043,,97.0,1,5539.172377403268,0.01954747235350367,9.05167637876635,-0.1544185988074297
Qatar,2014,QAT,498626373.626374,95840.6310094498,79.768,43.691,53.71,2256.38867188,1.927,98.0,1,5202.661630819291,0.023543132470168336,8.330255906596179,-0.17857342058443507
Qatar,2015,QAT,437087912.087912,68985.2946961507,80.064,42.036,50.6,2435.44506836,,,1,6335.957743068118,0.03530382930285424,5.8642351812092945,-0.19819154994647023
Qatar,2016,QAT,378571428.571429,61253.6375482797,80.433,38.532,47.746,2075.41918945,2.756,,1,6180.390973075543,0.033882382704442146,5.154267279642053,-0.2168462890273337
Qatar,2017,QAT,665934065.934066,63279.8556949332,80.717,37.388,46.033,1908.39660645,,,1,10523.63439550933,0.03015804295841346,5.340326984332033,-0.12523663138140245
Qatar,2018,QAT,467032967.032967,71039.8490579352,80.898,37.517,45.742,1962.58374023,2.499,,1,6574.239292824048,0.0276265190066698,6.0528968899470685,-0.18864522806940853
Qatar,2019,QAT,576648351.648352,66841.3013472693,80.99,37.437,46.422,2012.22570801,,,1,8627.126342924053,0.030104526205371473,5.667360639339756,-0.15370043514328352
Qatar,2020,QAT,651648351.648352,51683.5054353851,79.099,44.598,55.473,1997.78820801,,,1,12608.43950422529,0.03865427066489602,4.275479397048993,-0.12979083998330337
Qatar,2021,QAT,858791208.791209,71751.8831234838,79.272,45.865,56.385,1934.0802002,,,1,11968.901322258589,0.02695511415179836,6.118280199332578,-0.06375481525573916
Qatar,2022,QAT,1031593406.59341,88701.463350036,81.559,34.776,42.922,,,,1,11629.948003478921,,7.674694002446507,-0.008666407359666617
Qatar,2023,QAT,1437087912.08791,80195.874646942,,,,,,,1,17919.72365679172,,6.893658986584155,0.12060305218659799
Rwanda,1995,RWA,21126523.97,227.971147849318,39.969,533.756,617.016,,,,0,92671.91997455744,,-0.4494815011722268,-0.330797795174239
Rwanda,1996,RWA,13181734.09,206.04911417485,40.698,522.078,586.261,,,,0,63973.74792310046,,-0.4514945159694795,-0.33333055130306444
Rwanda,1997,RWA,5236945.152,238.749371368214,40.64,514.423,596.525,,,,0,21934.90655907638,,-0.44849177897063636,-0.33586330713158535
Rwanda,1998,RWA,4277427.435,246.154673288384,41.681,497.728,585.864,,,,0,17376.990563931944,,-0.44781177899596303,-0.336169196200416
Rwanda,1999,RWA,3317909.718,264.74368682977,44.616,456.779,504.692,,,,0,12532.535743273127,,-0.44610482242976085,-0.33647508526924663
Rwanda,2000,RWA,6626256.7967,251.86926386091,47.129,415.063,462.487,9.1193943,,65.0,0,26308.31843126053,0.03620685652631284,-0.44728703044600837,-0.3354204020785744
Rwanda,2001,RWA,7850030.5032,237.308846200901,49.021,399.473,441.741,7.92787647,,,0,33079.38422385788,0.03340742073849373,-0.44862405677481626,-0.3350302696267098
Rwanda,2002,RWA,7210000.0,234.043016755733,51.032,385.947,413.441,7.34832239,0.019,,0,30806.30261882568,0.03139731529639839,-0.44892394514722045,-0.33523430789633046
Rwanda,2003,RWA,9618445.7614,249.012274982252,53.368,361.386,377.789,17.29731369,,,0,38626.39206073492,0.06946369889288727,-0.4475493765847712,-0.3344665083880659
Rwanda,2004,RWA,9809775.6874,269.540446333402,55.491,332.876,354.734,20.29362106,0.049,,0,36394.44773815511,0.07528970637266907,-0.4456643547248454,-0.33440551344043057
Rwanda,2005,RWA,0.0,324.016863847189,57.316,308.915,338.011,25.10174942,0.024,,0,0.0,0.07747050299159228,-0.44066199790955196,-0.3375328169777099
Rwanda,2006,RWA,0.0,356.995022901154,58.714,291.737,330.864,27.24308205,,,0,0.0,0.07631221810490943,-0.4376337422674169,-0.3375328169777099
Rwanda,2007,RWA,0.0,426.234183487629,59.965,277.01,320.689,33.58434677,,,0,0.0,0.07879318006641002,-0.4312757803702843,-0.3375328169777099
Rwanda,2008,RWA,0.0,528.326391755502,61.134,260.381,314.474,40.0471344,0.052,,0,0.0,0.07579998846344391,-0.4219010513200875,-0.3375328169777099
Rwanda,2009,RWA,0.0,564.039095842449,61.958,252.93,309.222,44.08419418,0.055,,0,0.0,0.07815804703068646,-0.4186216930796768,-0.3375328169777099
Rwanda,2010,RWA,106471877.034049,593.624927744346,62.54,245.723,311.182,48.02530289,0.055,65.8522720336914,0,179358.83763948473,0.0809017624520695,-0.4159049416006882,-0.3035901573002792
Rwanda,2011,RWA,174202485.526231,651.133677964662,63.261,235.275,310.016,51.65081787,0.0129,,1,267537.20690774225,0.07932444537572078,-0.4106241375072326,-0.2819980049137834
Rwanda,2012,RWA,182402478.095309,706.817317494399,64.009,224.498,301.29,57.216465,,68.0,1,258061.69936796205,0.08094943853784878,-0.4055109262056373,-0.2793838915452301
Rwanda,2013,RWA,170199422.507475,704.924190167572,64.426,224.606,291.767,47.7094574,0.099,,1,241443.58341145283,0.06768026699248139,-0.4056847646997558,-0.28327415979616133
Rwanda,2014,RWA,183593635.929828,724.957521209377,64.94,211.358,292.108,50.62351608,0.089,71.0,1,253247.43941349332,0.06982963083898992,-0.40384518209422493,-0.27900415685729685
Rwanda,2015,RWA,159199957.034255,733.998585018273,65.298,210.06,284.929,48.80509567,0.11,,1,216894.09255508534,0.06649208413499187,-0.4030149764891943,-0.2867807300153729
Rwanda,2016,RWA,172516840.964389,729.519154199595,65.737,197.06,285.275,50.70415497,0.12,,1,236480.20750554375,0.06950352801309373,-0.4034263051394084,-0.2825353793012136
Rwanda,2017,RWA,215292394.793657,758.301002985965,65.941,196.146,282.546,48.34190369,0.135,,1,283914.16330177494,0.06375028319841841,-0.40078338029221555,-0.26889876363719045
Rwanda,2018,RWA,260511615.550822,771.773521962568,66.251,194.728,273.304,51.54394531,0.132,73.0,1,337549.30447517626,0.06678636133943443,-0.399546251453765,-0.2544831201471426
Rwanda,2019,RWA,260710294.704425,810.051420243718,66.437,192.821,272.136,51.18757629,0.116,,1,321844.1301244627,0.06319052718233534,-0.39603134144167845,-0.2544197823054176
Rwanda,2020,RWA,280069130.465372,778.701538550324,66.774,182.744,270.464,57.91234207,,80.0508575439453,1,359661.71453412686,0.07437039636240218,-0.3989100787284669,-0.2482482899612471
Rwanda,2021,RWA,391212400.25492,828.833032800998,66.072,194.623,276.693,60.2185936,,,1,472003.87143456156,0.07265467376040069,-0.39430669925950246,-0.2128164154889198
Rwanda,2022,RWA,474156653.561344,975.469315871749,67.129,183.685,263.376,,,79.0,1,486080.5417929561,,-0.3808416616622225,-0.18637423525687385
Rwanda,2023,RWA,518060502.154346,1010.2689290184,,,,,,,1,512794.6502895078,,-0.37764614899934107,-0.1723779253125573
Saudi Arabia,2005,SAU,93866666.6666667,15975.7473782258,74.588,92.712,117.877,459.89138794,,,0,5875.572794459845,0.02878684652755655,0.9965753312507609,-0.3076086303241525
Saudi Arabia,2006,SAU,105600000.0,17563.6145370639,74.81,91.8,115.76,536.68743896,,,0,6012.429831977689,0.03055677621639024,1.1423829754811117,-0.3038681069924578
Saudi Arabia,2007,SAU,123466666.666667,18596.1502627898,75.046,91.31,112.847,560.90765381,,,0,6639.367015318174,0.030162568374829453,1.2371967014995613,-0.2981723101010136
Saudi Arabia,2008,SAU,216186666.666667,22320.4888964331,75.274,90.148,110.625,562.85314941,1.673,,1,9685.570404383681,0.02521688265976764,1.579188183258636,-0.2686136745912354
Saudi Arabia,2009,SAU,214400000.0,17718.3911648365,75.431,90.035,108.462,646.33703613,1.647,,1,12100.421421189367,0.03647831397992303,1.1565955091630569,-0.2691832542803799
Saudi Arabia,2010,SAU,236480000.0,22028.3790215788,75.763,82.314,107.731,655.11743164,1.92,,1,10735.242923155914,0.029739702181365815,1.552364873467347,-0.2621442694652818
Saudi Arabia,2011,SAU,243733333.333333,26966.2941648251,76.234,80.702,99.763,826.34002686,1.966,,1,9038.443764040048,0.030643440355919573,2.005794349880827,-0.25983194595114334
Saudi Arabia,2012,SAU,245920000.0,28348.5730107499,76.461,79.08,98.539,959.83081055,1.996,,1,8674.863454564224,0.03385817022204356,2.132723621685417,-0.2591348484211456
Saudi Arabia,2013,SAU,268773333.333333,27290.1978052614,76.626,78.763,98.106,1059.09423828,2.159,94.0,1,9848.713272481851,0.0388085951533782,2.03553715708405,-0.2518493291137313
Saudi Arabia,2014,SAU,273304000.0,27079.6733871148,76.757,78.881,98.183,1230.84533691,2.14,,1,10092.588492224764,0.045452739378151724,2.016205521378842,-0.25040497703633363
Saudi Arabia,2015,SAU,295434400.0,22453.571552265,76.918,78.663,98.495,1198.33630371,2.237,,1,13157.56824308862,0.053369518560583654,1.5914086441622841,-0.24334992497328797
Saudi Arabia,2016,SAU,317361866.666667,21515.6600083775,77.064,78.394,98.799,1243.94177246,2.267,,1,14750.273361035475,0.057815645533330115,1.5052838874724639,-0.23635956696150176
Saudi Arabia,2017,SAU,290788000.0,23081.2045336558,77.16,79.41,100.027,1261.1652832,2.409,95.0,1,12598.475940715667,0.05464035819105693,1.6490417313815124,-0.24483117221263906
Saudi Arabia,2018,SAU,334914666.666667,28036.0264674095,77.212,79.493,101.809,1291.12866211,2.514,,1,11945.86783030715,0.04605248406406213,2.1040236923851916,-0.23076382906918042
Saudi Arabia,2019,SAU,334029333.333333,27892.8421521179,77.304,81.363,100.896,1279.6907959,2.633,,1,11975.449884656886,0.04587882399796369,2.090875635517084,-0.23104606855693577
Saudi Arabia,2020,SAU,302253072.128875,23271.4037647084,76.239,88.311,108.383,1355.71655273,2.648,98.0,1,12988.175323881773,0.05825675865699061,1.666506984478942,-0.24117616910488743
Saudi Arabia,2021,SAU,294914319.733333,28396.0864182336,76.936,80.846,99.919,1441.9987793,2.789,,1,10385.738210176864,0.05078160272022797,2.1370865924641715,-0.24351572375497735
Saudi Arabia,2022,SAU,287040447.160888,34454.1957708412,77.905,76.466,95.414,,3.077,,1,8331.073784743863,,2.6933791313437636,-0.2460258718289564
Saudi Arabia,2023,SAU,312346189.320891,32093.9622984711,,,,,,,1,9732.241423358644,,2.4766481028541225,-0.23795853782537624
Sudan,1995,SDN,346200000.0,462.58544921875,51.991,284.567,450.328,,,,1,748402.2694286845,,-0.42793778550620215,-0.22716612571924147
Sudan,1996,SDN,221520000.0,294.826965332031,52.276,282.565,449.422,,0.09,,1,751355.9682389516,,-0.4433423923708446,-0.2669134367131925
Sudan,1997,SDN,419600000.0,373.09375,52.833,275.769,441.579,,,,1,1124650.3057207472,,-0.43615545898639757,-0.2037666019226742
Sudan,1998,SDN,686600000.0,350.702880859375,48.81,311.722,540.323,,,,1,1957782.6059413329,,-0.43821152511478423,-0.11864844315314482
Sudan,1999,SDN,665100000.0,324.659606933594,57.015,244.413,350.351,,,,1,2048607.1743937023,,-0.44060297732035947,-0.1255025270990058
Sudan,2000,SDN,640800000.0,362.116882324219,58.319,231.955,329.293,14.61430931,0.158,61.0,1,1769594.3803754058,0.040357989432028674,-0.43716342190566665,-0.13324923593083937
Sudan,2001,SDN,739600000.0,451.293304443359,58.562,230.651,331.723,15.85929585,,,1,1638845.4974138131,0.035141881552090415,-0.4289746990910971,-0.10175232924009217
Sudan,2002,SDN,977690000.0,506.262634277344,58.976,228.56,328.501,17.47236824,,,1,1931191.3102091507,0.03451245866671681,-0.42392708006112784,-0.025850522418229802
Sudan,2003,SDN,1223600000.0,580.320251464844,58.2,234.148,350.964,23.6236248,,,1,2108490.95290297,0.0407079104001097,-0.4171266580993033,0.05254425819231316
Sudan,2004,SDN,1402950000.0,705.113342285156,56.773,246.105,388.144,30.63433456,0.262,,1,1989680.1207211176,0.04344597204857757,-0.4056673955990016,0.10972007008487906
Sudan,2005,SDN,703788385.657612,905.543640136719,57.279,240.326,378.963,38.71856689,,,1,777199.8548312415,0.04275726223879643,-0.38726266356618577,-0.11316887858611667
Sudan,2006,SDN,800828762.026369,1132.474609375,60.281,220.109,310.866,57.64347458,0.365,,1,707149.4189775587,0.05090045648953912,-0.36642447830404085,-0.08223293041079552
Sudan,2007,SDN,999710750.072104,1444.37219238281,61.256,208.495,297.242,84.978302,0.364,,1,692142.0637591069,0.05883407507299734,-0.3377841404984612,-0.01883042616032167
Sudan,2008,SDN,1590626089.41345,1527.58239746094,61.206,210.805,300.94,85.98817444,0.337,54.0,1,1041270.2398622147,0.0562903674347941,-0.3301432721104252,0.1695501943393301
Sudan,2009,SDN,1394395643.14033,1178.22180175781,62.644,195.42,276.558,83.10632324,,,1,1183474.6573692716,0.07053538061849832,-0.3622236921649969,0.1069929872932963
Sudan,2010,SDN,1455537377.36537,1305.63598632813,63.016,194.833,269.744,76.49365234,,,1,1114811.0136415672,0.05858727328366986,-0.35052374485496895,0.12648464212929375
Sudan,2011,SDN,824220909.259269,1332.6572265625,63.246,192.471,269.648,83.55038452,,,1,618479.3004764561,0.06269457956230247,-0.34804248981998304,-0.07477564014064499
Sudan,2012,SDN,595843243.828036,1019.22210693359,63.792,184.373,263.959,79.18972778,,,1,584605.8869549811,0.07769624230213033,-0.3768240136129374,-0.14758120712787404
Sudan,2013,SDN,619508803.404154,1138.62780761719,63.678,184.077,275.049,102.35591125,,,1,544083.6762107558,0.08989409055817857,-0.36585945412353404,-0.14003675447854907
Sudan,2014,SDN,506556821.863654,1275.43835449219,64.269,176.289,265.934,93.15203094,,,1,397162.92055944743,0.07303530634147196,-0.3532966755342304,-0.17604523649389447
Sudan,2015,SDN,151392010.452944,1292.37963867188,64.659,176.556,257.011,98.24565125,0.415,,1,117142.05789292899,0.07601918841042915,-0.35174102352472286,-0.2892698612392382
Sudan,2016,SDN,153411466.260786,1033.21594238281,64.78,177.178,257.01,93.67060852,,,1,148479.57718014627,0.09065927525660916,-0.3755390143173471,-0.28862606962845194
Sudan,2017,SDN,212936009.907809,966.505676269531,65.445,170.214,245.263,71.14331818,0.263,,1,220315.3226473418,0.07360879498876335,-0.38166475770451713,-0.26964996641934674
Sudan,2018,SDN,425214350.607035,731.027465820313,65.681,168.96,243.16,35.53091431,,60.6971817016602,1,581666.723191975,0.04860407573076539,-0.4032878027697625,-0.20197677725466892
Sudan,2019,SDN,522317287.755546,709.975280761719,65.876,168.399,241.127,35.51281357,,,1,735683.765208222,0.050019788762080526,-0.4052209427633757,-0.17102088504045698
Sudan,2020,SDN,495355092.526947,577.795227050781,65.614,168.518,244.205,23.34439278,,,1,857319.4608328107,0.0404025365511514,-0.4173585212368393,-0.1796162873409923
Sudan,2021,SDN,1119019556.08389,712.122009277344,65.267,174.373,252.755,21.58010864,,,1,1571387.4048345487,0.030303948422966635,-0.40502381706181867,0.019204577183177137
Sudan,2022,SDN,1499430935.49713,1046.24084472656,65.578,171.315,249.215,,,,1,1433160.3885040574,,-0.37434298836737895,0.14047767153011287
Sudan,2023,SDN,1000000000.0,2183.44140625,,,,,,,1,457992.5969790379,,-0.2699182989528714,-0.018738214844641037
Senegal,1995,SEN,146028708.531702,714.994396357297,56.839,225.722,292.576,,0.075,,1,204237.5566517427,,-0.40476005696632544,-0.2909796529413401
Senegal,1996,SEN,150479199.090095,723.469950081149,56.672,229.798,292.052,,0.093,,1,207996.47459195272,,-0.4039817799453894,-0.2895608605744802
Senegal,1997,SEN,150465321.909724,650.776321407448,56.591,231.814,295.64,,0.093,,1,231208.96836613448,,-0.4106569521652269,-0.2895652845446753
Senegal,1998,SEN,147418829.384458,684.588105785786,56.418,238.449,299.204,,0.095,,1,215339.45468603677,,-0.40755214796294237,-0.29053648991716885
Senegal,1999,SEN,186030796.621089,677.516338727268,56.609,243.042,293.064,,,,1,274577.5798861953,,-0.408201520732956,-0.278227203184392
Senegal,2000,SEN,234066647.202215,603.233162455158,56.943,244.522,291.876,21.99825287,,,1,388020.19147880416,0.036467247225711444,-0.41502265490523127,-0.2629136333102584
Senegal,2001,SEN,304944980.104743,637.213530563724,57.564,240.755,288.618,24.10787964,,,1,478560.1144328608,0.037833282696731925,-0.41190237031693133,-0.24031800337274176
Senegal,2002,SEN,346122851.387288,669.430447319209,58.231,240.224,282.572,27.20366478,,39.0,1,517040.79605785233,0.0406370294164829,-0.408944016584167,-0.2271907202805361
Senegal,2003,SEN,512080217.289468,817.888034221442,59.122,230.352,279.511,36.11049652,,,1,626100.6346387297,0.044150904535941816,-0.39531173576404066,-0.17428440784669852
Senegal,2004,SEN,634031644.83902,918.102079522155,60.027,225.295,270.197,43.03009415,0.056,,1,690589.4877931381,0.046868529229773546,-0.3861094710892156,-0.1354069510214793
Senegal,2005,SEN,789138740.083851,979.846101520171,60.915,217.036,263.054,36.86376953,,,1,805370.0870570906,0.03762199948829528,-0.38043975851739986,-0.08595964630488738
Senegal,2006,SEN,926064834.773512,1017.20196747987,61.75,209.525,257.684,39.08563995,,42.0,1,910404.0931692737,0.03842466019490224,-0.37700951513497855,-0.04230834642666199
Senegal,2007,SEN,1193376015.83581,1188.93877808175,62.543,200.993,251.461,41.32680893,,,1,1003732.0994452037,0.034759408719662786,-0.36123959405429,0.04290901518581402
Senegal,2008,SEN,1482085064.11005,1398.79218010021,63.242,193.655,246.275,49.78118515,0.062,,1,1059546.2894308378,0.03558869277238428,-0.3419695751413563,0.13494790136261733
Senegal,2009,SEN,1355834396.89549,1308.69404336205,63.923,184.45,242.969,50.8613205,,48.0,1,1036020.9124298723,0.038864179720216864,-0.3502429354122167,0.09469987013891719
Senegal,2010,SEN,1479119819.84591,1275.88357492357,64.615,175.924,237.527,51.81986618,,,1,1159290.5880417142,0.04061488618434812,-0.3532557926795776,0.1340025974972035
Senegal,2011,SEN,1616025932.88878,1374.67591873844,65.262,166.397,233.924,58.30465698,,52.0,1,1175568.663755913,0.0424133835366135,-0.3441840773037262,0.1776475273342902
Senegal,2012,SEN,1576225069.3752,1326.83798848379,65.457,165.617,236.298,56.95115662,,,1,1187955.9396519773,0.042922464622134816,-0.348576847742023,0.16495922688592585
Senegal,2013,SEN,1777897284.37353,1379.83196553924,66.072,156.495,232.259,61.02893066,0.3179,44.0,1,1288488.257103629,0.044229248331806706,-0.3437106176485015,0.22925124042761316
Senegal,2014,SEN,1931624792.77188,1398.89137601382,66.452,157.114,225.862,62.2051239,,,1,1380825.434978446,0.0444674439821448,-0.34196046636774113,0.27825874030437314
Senegal,2015,SEN,1757754461.80459,1218.00613555438,66.879,149.47,226.353,54.20389557,0.2074,43.5927314758301,1,1443140.89272181,0.044502153140081595,-0.3585704520586919,0.22282981732091095
Senegal,2016,SEN,1980581469.64264,1266.43957151587,67.497,141.602,220.363,54.93520355,0.078,46.0996398925781,1,1563897.3340606967,0.04337767453384695,-0.35412299865541486,0.2938658646291444
Senegal,2017,SEN,2148911385.0578,1356.80518449031,67.75,140.07,219.588,57.67406845,0.07,52.0,1,1583802.4571412941,0.0425072583074375,-0.34582507708565574,0.3475285330410134
Senegal,2018,SEN,2427531906.29455,1452.55612562445,68.097,139.529,213.609,65.77828217,,46.6059112548828,1,1671213.8439751926,0.04528450295972012,-0.3370326418483001,0.4363512512547914
Senegal,2019,SEN,2525650779.22447,1431.18128932159,68.526,131.095,213.154,65.75260925,0.09,46.8336715698242,1,1764731.5529269404,0.04594289328724255,-0.33899540964646396,0.4676310183122304
Senegal,2020,SEN,2607382542.72731,1461.08720350553,68.006,139.93,218.124,76.77999878,0.084,,1,1784549.5713544805,0.05254990844884872,-0.33624926626069984,0.4936866633397524
Senegal,2021,SEN,3096612365.36044,1598.10676952274,67.093,156.346,236.093,71.22032928,0.101,,1,1937675.5198185004,0.04456543870424208,-0.32366729425930557,0.6496504899977128
Senegal,2022,SEN,2910590307.04851,1564.74522071584,67.913,147.61,227.858,,0.126,57.6699981689453,1,1860104.9349855003,,-0.32673075508619825,0.5903476619301866
Senegal,2023,SEN,3267137360.56512,1706.44218024762,,,,,,,1,1914590.1328406155,,-0.3137192762928147,0.7040129379977323
Sierra Leone,1995,SLE,23673629.7239531,208.35204332359,42.716,397.218,481.568,,,,0,113623.21840629018,,-0.45128304697338734,-0.3299857916088167
Sierra Leone,1996,SLE,25246637.867133,224.258589380272,43.68,394.081,453.577,,0.073,,0,112578.24254090284,,-0.4498224109274454,-0.32948432510365955
Sierra Leone,1997,SLE,5984620.20463941,199.880103221332,43.715,398.075,461.609,,,,0,29941.050200541955,,-0.4520609921695552,-0.33562495236065437
Sierra Leone,1998,SLE,20330605.0454779,156.51811883387,42.789,405.383,510.444,,,,0,129892.98106155379,,-0.45604275396713245,-0.33105152983111225
Sierra Leone,1999,SLE,22476894.1272978,155.020833269007,42.071,405.293,578.595,,,,0,144992.73196586256,,-0.45618024385710065,-0.3303673044572109
Sierra Leone,2000,SLE,7134994.32395292,143.743743239644,45.05,393.718,446.7,17.18489456,,,0,49636.903583745785,0.11955229613959621,-0.4572157750234221,-0.33525821930098365
Sierra Leone,2001,SLE,6215277.85062001,358.31568592361,45.661,388.347,442.127,18.7846756,,,0,17345.815700474406,0.05242493236538001,-0.43751247093621354,-0.335551419948175
Sierra Leone,2002,SLE,21815455.0998228,388.995136049853,46.359,384.129,428.281,22.93144798,,,0,56081.56266773209,0.05895047483848524,-0.4346952967637448,-0.3305781676488101
Sierra Leone,2003,SLE,25889258.3929896,413.817666037168,46.963,379.245,421.666,21.89597321,,,0,62561.99412874822,0.05291212774863353,-0.43241594070984407,-0.3292794611487966
Sierra Leone,2004,SLE,24714834.4807247,417.750034826993,47.577,375.896,413.646,22.70127487,0.03,35.0,0,59161.77718802609,0.054341766552817895,-0.4320548466307217,-0.3296538611526426
Sierra Leone,2005,SLE,2435105.01066329,462.633324427945,48.237,371.446,405.842,26.26749039,,,0,5263.5745893885705,0.05677820641753435,-0.42793338931258423,-0.33675651864468326
Sierra Leone,2006,SLE,15622339.1751575,517.913366011018,49.323,357.789,386.195,29.28122711,,,0,30164.00077773848,0.05653692109845468,-0.42285723883531023,-0.3325524995759777
Sierra Leone,2007,SLE,41973856.3828883,578.648417351785,50.365,341.534,371.797,30.97717667,,,0,72537.75371059316,0.05353367561561592,-0.41728017610124213,-0.32415177813213647
Sierra Leone,2008,SLE,22578604.1440493,650.684422202761,51.526,325.398,354.739,36.24853897,0.0155,,0,34699.77668685227,0.05570832454738639,-0.41066539091053844,-0.3303348798528877
Sierra Leone,2009,SLE,35896004.0391428,624.898797932327,52.626,310.629,338.457,37.96392822,,,0,57442.90780829784,0.06075212233663358,-0.41303318415379187,-0.3260893646518843
Sierra Leone,2010,SLE,44218584.2669176,648.129229488008,53.693,297.065,324.612,36.55500031,0.021,,0,68224.94998697749,0.056400789606228297,-0.41090002428538913,-0.3234361709994503
Sierra Leone,2011,SLE,58811616.4467147,718.161680687537,54.62,285.973,312.996,47.91463089,0.025,,0,81891.88873236872,0.0667184454120813,-0.40446921760723326,-0.3187839911117768
Sierra Leone,2012,SLE,64534081.2062974,904.840762004552,55.451,275.987,303.509,50.08378601,,,0,71320.92619626342,0.05535093920729893,-0.38732720612194166,-0.31695970023552517
Sierra Leone,2013,SLE,69660699.4967209,1146.4163912665,56.313,265.3,294.542,81.8790741,,32.4261703491211,0,60763.872557477516,0.0714217580311673,-0.36514425888350666,-0.3153253619973415
Sierra Leone,2014,SLE,62430104.569033,1140.92742266148,56.393,267.786,296.724,138.29064941,,,0,54718.73436383901,0.1212089802236541,-0.36564828944871963,-0.3176304366304991
Sierra Leone,2015,SLE,48163694.5951374,945.148168480629,57.189,258.226,288.18,114.16482544,,,0,50958.882640129166,0.12079040011633883,-0.3836259342928722,-0.3221784911219944
Sierra Leone,2016,SLE,58230465.7642817,838.631615328371,58.404,240.242,273.895,81.37689209,,,0,69435.09486162315,0.09703532588398353,-0.3934069336669207,-0.31896925881236243
Sierra Leone,2017,SLE,63556890.498319,788.486867334833,58.652,240.12,273.177,45.5368042,,44.833179473877,0,80606.14974241467,0.05775214031645079,-0.39801153017536706,-0.31727122335848323
Sierra Leone,2018,SLE,73207824.6180989,845.914540460932,59.796,219.265,260.713,43.07834244,0.072,,0,86542.81386179807,0.0509251707820591,-0.392738171075054,-0.3141945576555556
Sierra Leone,2019,SLE,177493122.191846,843.71251730417,60.255,217.502,255.168,46.25284195,0.032,43.5777816772461,1,210371.56442691165,0.054820618399484065,-0.39294037426770845,-0.2809489677072042
Sierra Leone,2020,SLE,177031971.474238,845.313836261458,59.763,228.946,270.279,46.01692963,0.07,,1,209427.5095001302,0.0544376865206863,-0.39279333139732464,-0.2810959800667474
Sierra Leone,2021,SLE,232350066.92924,885.184270659578,60.062,229.627,266.648,43.1619873,,,1,262487.7944974201,0.04876045443943403,-0.38913218500880403,-0.2634608698354109
Sierra Leone,2022,SLE,321604651.567055,860.130884035452,60.411,226.235,262.899,,0.043,48.6399993896484,1,373901.9927504422,,-0.39143273972669934,-0.23500699003724637
Sierra Leone,2023,SLE,437506805.019097,757.85833603088,,,,,,,1,577293.6500381387,,-0.4008240286711056,-0.19805800914113675
Somalia,2005,SOM,0.0,439.979907805478,50.661,316.777,374.158,,,,0,0.0,,-0.4300135641515849,-0.3375328169777099
Somalia,2006,SOM,0.0,457.996662206659,50.597,316.749,379.36,,0.028,,0,0.0,,-0.4283591559088733,-0.3375328169777099
Somalia,2007,SOM,0.0,479.635628065289,50.515,318.282,384.247,,,,0,0.0,,-0.4263721341244208,-0.3375328169777099
Somalia,2008,SOM,0.0,507.03744334738,51.12,311.209,377.452,,,,0,0.0,,-0.4238559323680721,-0.3375328169777099
Somalia,2009,SOM,0.0,246.513251675105,51.853,305.111,364.902,,,,0,0.0,,-0.44777885214213364,-0.3375328169777099
Somalia,2010,SOM,0.0,219.202453852397,50.563,312.183,392.414,,,,0,0.0,,-0.4502866961204008,-0.3375328169777099
Somalia,2011,SOM,0.0,235.325945610434,51.304,307.656,375.559,,,,0,0.0,,-0.44880613879737696,-0.3375328169777099
Somalia,2012,SOM,0.0,350.261946720969,53.161,290.158,365.258,,,,0,0.0,,-0.43825201437588135,-0.3375328169777099
Somalia,2013,SOM,0.0,393.398704973003,53.843,284.161,356.271,,,,0,0.0,,-0.4342909342153308,-0.3375328169777099
Somalia,2014,SOM,0.0,429.431656017709,54.277,278.872,358.042,,0.023,,0,0.0,,-0.43098216894661623,-0.3375328169777099
Somalia,2015,SOM,0.0,445.583078625015,54.857,273.491,350.86,,,,0,0.0,,-0.42949904684270956,-0.3375328169777099
Somalia,2016,SOM,0.0,460.928491979039,55.044,270.89,356.221,,,,0,0.0,,-0.42808993742292134,-0.3375328169777099
Somalia,2017,SOM,0.0,510.939952988052,55.654,265.701,346.042,,,,0,0.0,,-0.4234975801380852,-0.3375328169777099
Somalia,2018,SOM,1482000000.0,509.525802439801,56.375,258.479,337.836,,,,1,2908586.754397181,,-0.4236274360639288,0.13492078338349817
Somalia,2019,SOM,1577000000.0,539.893931565468,57.078,252.985,325.25,,,,1,2920944.1110541015,,-0.4208388492839511,0.1652062705861397
Somalia,2020,SOM,1735000000.0,518.184778494176,55.967,276.984,356.462,,,,1,3348226.4860072494,,-0.42283231608622274,0.2155758177231646
Somalia,2021,SOM,1735000000.0,549.114743546859,55.28,295.476,381.051,,,,1,3159631.0614303197,,-0.4199921381057431,0.2155758177231646
Somalia,2022,SOM,1735000000.0,573.128092470162,56.107,288.418,372.855,,,54.0,1,3027246.479093724,,-0.4177870859909614,0.2155758177231646
Somalia,2023,SOM,1735000000.0,597.458854603159,,,,,,,1,2903965.6649702056,,-0.41555288705990145,0.2155758177231646
South Sudan,2008,SSD,0.0,1654.21153546555,53.538,328.349,371.63,,,27.0,0,0.0,,-0.318515412562727,-0.3375328169777099
South Sudan,2009,SSD,0.0,1323.22068747862,53.891,325.355,374.076,,,,0,0.0,,-0.3489090103760949,-0.3375328169777099
South Sudan,2010,SSD,0.0,1498.27034985194,54.812,317.609,360.965,,,,0,0.0,,-0.33283488304629444,-0.3375328169777099
South Sudan,2011,SSD,0.0,1448.98435006408,54.94,313.522,371.245,,,,0,0.0,,-0.3373606240584481,-0.3375328169777099
South Sudan,2012,SSD,0.0,1109.26050083408,55.865,303.99,355.763,,,,0,0.0,,-0.36855613929370196,-0.3375328169777099
South Sudan,2013,SSD,0.0,1650.18943353528,55.751,305.544,361.312,,,,0,0.0,,-0.31888474648593507,-0.3375328169777099
South Sudan,2014,SSD,1985610.2,1242.73450181032,54.973,307.06,397.595,,,,0,1597.775065476589,,-0.3562997426927509,-0.3368998151640095
South Sudan,2015,SSD,1138720000.0,1080.14718624765,55.566,305.137,373.805,,,,1,1054226.6966003287,,-0.37122950135170346,0.025484972363258276
Eswatini,1995,SWZ,82223879.5065459,1750.75400773784,56.148,346.316,483.872,,,,0,46964.83865987996,,-0.30965029411006184,-0.3113202880245832
Eswatini,1996,SWZ,75395830.2603552,1619.19119707662,53.873,396.479,528.728,,0.151,,0,46563.88349719238,,-0.3217311935631829,-0.31349703326736755
Eswatini,1997,SWZ,83751347.7578842,1705.39874942229,52.044,436.434,569.062,,,,0,49109.53979897973,,-0.3138150904733095,-0.31083333939112695
Eswatini,1998,SWZ,78365182.9282171,1546.51519325373,50.333,471.405,605.513,,,,0,50672.10672747659,,-0.32840474736175485,-0.3125504196650238
Eswatini,1999,SWZ,70009838.5283754,1501.66426653189,48.733,513.233,631.3,,,,0,46621.49861903812,,-0.33252323292300595,-0.31521405835865607
Eswatini,2000,SWZ,56796073.4859676,1668.9749133064,47.256,554.028,652.02,77.74626923,,82.0,0,34030.51360038068,0.04658324616514286,-0.3171597491926047,-0.3194265353280303
Eswatini,2001,SWZ,52717094.5512915,1467.5389023828,45.975,577.927,682.132,76.11361694,0.172,,0,35922.110456967304,0.05186480359492791,-0.3356568319318315,-0.32072689179461955
Eswatini,2002,SWZ,44130934.4309573,1351.86550182919,44.486,617.647,721.128,75.27822876,,,0,32644.47119276612,0.05568470284813253,-0.3462786688663375,-0.3234641132940323
Eswatini,2003,SWZ,65225295.5291864,2060.18418135789,43.349,658.979,735.6,132.39044189,0.151,,0,31659.934155108254,0.06426145928503345,-0.28123652887900685,-0.3167393448404711
Eswatini,2004,SWZ,82797580.5349868,2581.24172793045,42.538,685.157,750.863,177.11592102,0.16,,0,32076.64731244331,0.06861655733498676,-0.23338984790741701,-0.31113739523347805
Eswatini,2005,SWZ,95421869.7624513,2945.36394872311,42.125,701.365,758.011,218.70697021,,,0,32397.310289554916,0.07425465036496255,-0.1999539254310364,-0.30711283997199573
Eswatini,2006,SWZ,95655068.5902868,3035.06156119205,43.12,681.53,758.419,238.984375,,,0,31516.681510973158,0.07874119525474685,-0.19171734374069324,-0.307038497444458
Eswatini,2007,SWZ,95122183.1658119,3180.86121498525,43.641,677.259,752.826,253.80125427,,,0,29904.537399395147,0.07979010623736908,-0.1783291305448595,-0.30720837844133597
Eswatini,2008,SWZ,89637366.0559554,2999.82816920508,44.175,666.788,742.601,267.72537231,,,0,29880.833501109588,0.08924690255873693,-0.19495268862157342,-0.30895690852964536
Eswatini,2009,SWZ,93457762.6198995,3239.7578007877,44.639,679.703,728.402,282.30490112,0.158,,0,28847.14486903206,0.08713765610854048,-0.17292088692619947,-0.30773898672705224
Eswatini,2010,SWZ,54690323.8454676,3992.95199562618,46.619,628.026,711.235,346.70117188,,83.0982894897461,0,13696.71458744672,0.08682828450223576,-0.10375800350354897,-0.3200978369468654
Eswatini,2011,SWZ,63506470.1844086,4312.34243414155,48.195,599.807,699.434,369.37054443,0.099,,0,14726.676082496846,0.08565427028837748,-0.07442962601906122,-0.3172872970823958
Eswatini,2012,SWZ,88545679.8406554,4347.99569336631,49.835,564.996,674.863,343.8296814,,,0,20364.711946644427,0.07907774194086192,-0.07115572636834978,-0.30930493220230604
Eswatini,2013,SWZ,75120413.2116205,3910.0639762073,51.486,522.518,645.741,306.57077026,,,0,19212.067543837504,0.07840556372618966,-0.1113692868398893,-0.31358483473583965
Eswatini,2014,SWZ,95824457.5499699,3740.69277623691,53.05,476.703,612.949,285.05142212,,,0,25616.767610188,0.07620284240684372,-0.1269219831285517,-0.3069844971584501
Eswatini,2015,SWZ,95771402.3373992,3393.53367834668,55.019,430.729,577.301,252.67782593,,,0,28221.733277171646,0.07445861744124606,-0.15880024823074554,-0.30700141087383265
Eswatini,2016,SWZ,98421043.9932031,3223.92004062357,56.659,387.178,543.607,227.801651,0.094,,0,30528.37624786951,0.07065983279037487,-0.17437520663207895,-0.30615671941637546
Eswatini,2017,SWZ,144415393.563011,3831.42595273032,57.895,346.046,511.741,267.07046509,0.181,,1,37692.335789524746,0.06970523987281613,-0.11859030963533497,-0.2914939690448992
Eswatini,2018,SWZ,125737322.128684,3986.10557163026,59.411,314.854,485.246,266.45422363,0.24,,0,31543.901652674806,0.06684575178499953,-0.1043866838995701,-0.2974484373964186
Eswatini,2019,SWZ,118702081.809135,3894.32951592818,60.549,293.304,464.463,274.94509888,,,0,30480.74933660137,0.07060139563317594,-0.11281412092047653,-0.29969123403499975
Eswatini,2020,SWZ,112495380.432469,3442.3216527415,59.692,300.993,484.633,222.53158568999999,0.14,89.2799987792969,0,32680.089712963494,0.06464578506566158,-0.15432023894679214,-0.3016698969309327
Eswatini,2021,SWZ,132168224.635491,3926.48687364215,57.066,343.638,545.723,279.91430664,,,0,33660.68164463103,0.0712887412203051,-0.1098612362620536,-0.2953983003904045
Eswatini,2022,SWZ,126482605.275691,3852.08573272946,56.36,354.554,561.016,,1.591,90.7470169067383,0,32834.836514936454,,-0.11669320266689304,-0.297210845152092
Eswatini,2023,SWZ,79945065.1185571,3610.60879677551,,,,,,,0,22141.71338361354,,-0.13886708728402472,-0.3120467617507372
Seychelles,1995,SYC,503992.56610965,7180.66832748656,72.4829268292683,126.008,319.843,,,,0,70.18741753889945,,0.1889575465575052,-0.33737214686811895
Seychelles,1996,SYC,704227.71370796,7004.33603896356,71.5609756097561,126.256,307.704,,1.324,,0,100.54168015219403,,0.17276564067408198,-0.3373083129839073
Seychelles,1997,SYC,218847.040839842,7746.69851330444,71.2121951219512,124.321,304.922,,,,0,28.250362456211086,,0.24093388947637018,-0.3374630497223974
Seychelles,1998,SYC,114020.932342829,8209.51444287,71.7463414634146,119.923,296.545,,,,0,13.888876514719659,,0.28343247005764094,-0.3374964677199488
Seychelles,1999,SYC,187175.367721608,8243.23610099084,72.6682926829268,130.576,292.185,,,,0,22.70653969247702,,0.2865289983174349,-0.337473146480828
Seychelles,2000,SYC,3159009.30201354,8063.65500575169,72.7780487804878,130.764,284.516,354.08279419,,,0,391.75898519471184,0.04391095526004496,0.27003876719237857,-0.33652574186413986
Seychelles,2001,SYC,1790853.67154878,8153.2986369879,73.2536585365854,125.832,280.392,384.13986206,,,0,219.64774642553522,0.047114656185574734,0.27827039199679254,-0.33696190249401
Seychelles,2002,SYC,1979914.9640209,8864.16919495467,71.0878048780488,118.604,274.677,368.28140259,,92.0,0,223.36159435537772,0.041547199121562274,0.34354686102188065,-0.3369016307744976
Seychelles,2003,SYC,4855111.37811764,9070.28460757013,71.0292682926829,115.686,259.227,429.45440674,,,0,535.2766300260882,0.04734740146759827,0.3624736349561802,-0.3359850336776111
Seychelles,2004,SYC,6808310.1604278,10827.671636033,72.6609756097561,113.724,254.464,485.71817017,1.429,,0,628.7880154927013,0.04485896751371706,0.5238476272293424,-0.33536236444891776
Seychelles,2005,SYC,12101090.9090909,11802.1118276833,72.1317073170732,109.183,246.325,499.62393188,1.211,,0,1025.3326765389825,0.04233343482715278,0.6133266670829457,-0.3336750545159702
Seychelles,2006,SYC,13269559.8869849,12782.9938926475,72.2170731707317,105.69,240.163,513.20196533,0.861,,0,1038.0635396076705,0.0401472432545855,0.7033972390222791,-0.3333025529130576
Seychelles,2007,SYC,4768023.42779726,12669.3026687222,73.1439024390244,103.236,232.129,450.61437988,1.031,,0,376.3445828449967,0.03556741769162012,0.6929574176317144,-0.3360127968460841
Seychelles,2008,SYC,3161817.72236295,11265.4376270005,73.1634146341463,99.588,225.424,390.29763794,0.781,,0,280.6653258444968,0.0346455815444357,0.5640459697114949,-0.3365248465548919
Seychelles,2009,SYC,16123483.2926724,9747.09180546291,73.0829268292683,96.595,217.677,329.66345215,1.132,,0,1654.1839981065677,0.03382172433886742,0.42462219856467587,-0.33239273753642323
Seychelles,2010,SYC,17376950.5214324,10934.79494629,73.1975609756098,94.183,210.951,472.47903442,1.082,94.0,0,1589.1427874766066,0.0432087695051204,0.5336843427403298,-0.3319931389499438
Seychelles,2011,SYC,25261929.1491792,12110.0937461973,72.7243902439024,87.983,196.719,484.18115234,1.141,,0,2086.022592278587,0.039981618845191684,0.6416074446997142,-0.32947945032548354
Seychelles,2012,SYC,17669070.0559239,12337.1554669388,74.2756097560976,89.913,194.958,599.81970215,0.976,,0,1432.1834642737222,0.0486189627550209,0.6624576363621161,-0.3319000128191703
Seychelles,2013,SYC,12874328.2478163,14821.2921476077,73.119512195122,87.429,193.033,583.38354492,,,0,868.6373711278837,0.03936117978850877,0.8905662129130508,-0.3334285506262168
Seychelles,2014,SYC,15075955.04,15188.1902175113,73.2292682926829,85.279,195.351,650.09362793,,,0,992.6103652967225,0.042802573487687255,0.9242570307799886,-0.3327266838889571
Seychelles,2015,SYC,18424230.9296372,15333.1051727105,74.2951219512195,85.098,195.915,623.9987793,,,0,1201.5981578492147,0.040696178123827025,0.9375640055566467,-0.3316592716088884
Seychelles,2016,SYC,22087023.3470993,16566.9946042294,74.309756097561,85.654,196.079,735.57043457,2.02,,0,1333.1943345632942,0.044399750959188196,1.0508672565553918,-0.33049159315746757
Seychelles,2017,SYC,21661247.9309142,17480.3651911372,74.3,83.802,193.818,736.65460205,,,0,1239.175937920151,0.04214183136308243,1.1347385129417067,-0.33062732806186834
Seychelles,2018,SYC,22713694.6426079,18440.2340460932,72.8414634146341,81.814,191.428,784.73242188,2.328,,0,1231.7465486518643,0.04255544804466598,1.2228795238141965,-0.3302918137311477
Seychelles,2019,SYC,23648219.3078321,19141.5118743615,74.0463414634146,79.568,188.008,769.74798584,2.107,,0,1235.4415608887703,0.04021354169369531,1.2872751299085998,-0.329993892312314
Seychelles,2020,SYC,9979686.56744174,14041.4754074575,77.2365853658537,99.624,203.992,781.51965332,,96.1999969482422,0,710.7291988804451,0.05565794410072683,0.8189586850541754,-0.3343513467690296
Seychelles,2021,SYC,9512244.92618821,14982.9111487767,73.3975609756097,116.11,229.537,718.49005127,,,0,634.8729450327716,0.04795396863370321,0.9054070550402712,-0.3345003646410734
Seychelles,2022,SYC,10918090.7737886,17167.1909760833,73.8487804878049,109.645,221.889,,3.819,,0,635.9858633249482,,1.1059809469976438,-0.3340521885734272
Seychelles,2023,SYC,11416890.5034536,17879.2396545075,,,,,,,0,638.5557061748602,,1.1713655982264894,-0.3338931739120646
Syrian Arab Republic,1995,SYR,339000000.0,779.699100153744,70.416,126.629,180.552,,,,1,434783.1104757652,,-0.3988184765396063,-0.22946144685459954
Syrian Arab Republic,1996,SYR,313000000.0,918.195857362788,70.347,129.284,184.15,,,,1,340885.87689666596,,-0.3861008598360968,-0.23775010651005934
Syrian Arab Republic,1997,SYR,238000000.0,940.826589804978,70.283,131.792,187.491,,1.303,,1,252969.04081902545,,-0.3840227679968415,-0.2616597016700395
Syrian Arab Republic,1998,SYR,220000000.0,960.837504927725,70.196,134.744,190.926,,1.348,,1,228966.91570813378,,-0.3821852437576751,-0.26739800450843476
Syrian Arab Republic,1999,SYR,198000000.0,978.17453169496,70.425,128.64,191.859,,1.345,,1,202417.86469016917,,-0.380593252250817,-0.2744114857553623
Syrian Arab Republic,2000,SYR,180000000.0,1138.1884854278,70.764,123.144,188.429,54.56182098,1.374,,1,158146.03846773683,0.04793742133096028,-0.365899795365644,-0.2801497885937575
Syrian Arab Republic,2001,SYR,170000000.0,1186.82913474027,71.644,111.848,172.674,58.60890198,,,1,143238.8159540787,0.04938276308225799,-0.36143331436903753,-0.2833377346150882
Syrian Arab Republic,2002,SYR,135000000.0,1183.2473451033,71.939,107.702,169.33,63.64098358,1.461,83.0,0,114092.79772203015,0.053785021232770236,-0.3617622161327577,-0.2944955456897456
Syrian Arab Republic,2003,SYR,889000000.0,1220.179077256,72.414,100.375,163.666,60.61154175,1.39,,1,728581.5800080984,0.04967430017428776,-0.3583709193025671,-0.05412441568141168
Syrian Arab Republic,2004,SYR,855000000.0,1368.1148230028,72.475,103.643,159.109,60.79922104,1.432,81.0,1,624947.5450630727,0.044440144948181416,-0.34478655711915573,-0.06496343215393602
Syrian Arab Republic,2005,SYR,823000000.0,1533.90166536568,72.769,99.313,155.14,62.79922867,1.52,,1,536540.261075861,0.04094084391976245,-0.32956299840092623,-0.07516485942219422
Syrian Arab Republic,2006,SYR,795000000.0,1718.78347217338,73.35,90.145,149.164,64.36579895,,,1,462536.4467780997,0.03744846281807112,-0.3125860236196057,-0.08409110828192015
Syrian Arab Republic,2007,SYR,1030442463.41463,1937.61138578027,73.709,84.695,145.525,72.40921021,1.429,,1,531810.697943269,0.03737034719211305,-0.29249191033231353,-0.009033321832423544
Syrian Arab Republic,2008,SYR,1325013920.0,2429.12477087189,73.551,87.278,147.623,83.15718079,1.43,,1,545469.6835207894,0.03423339212013891,-0.24735815440758283,0.08487446846946803
Syrian Arab Republic,2009,SYR,1349880000.0,2462.20193643202,73.853,83.356,143.861,87.92034149,1.371,,1,548240.9789491567,0.03570801411090005,-0.24432080738437914,0.0928016405496771
Syrian Arab Republic,2010,SYR,1622538750.0,2730.61477118949,73.881,83.208,143.385,88.68951416,1.397,,1,594202.7294070491,0.03247968739338714,-0.2196735043027946,0.179723778274027
Syrian Arab Republic,2011,SYR,0.0,2952.14349372257,73.305,86.242,158.045,74.85932159,,,0,0.0,0.025357616169126147,-0.1993313862722517,-0.3375328169777099
Syrian Arab Republic,2012,SYR,0.0,1897.66115018696,66.769,128.559,297.161,63.13696671,,,0,0.0,0.033270938124954325,-0.2961603845531485,-0.3375328169777099
Syrian Arab Republic,2013,SYR,0.0,985.892669227054,63.827,148.642,360.456,,,,0,0.0,,-0.3798845258028036,-0.3375328169777099
Syrian Arab Republic,2014,SYR,0.0,1060.59105886854,63.153,157.826,370.663,,1.446,86.3000030517578,0,0.0,,-0.3730252642072708,-0.3375328169777099
Syrian Arab Republic,2015,SYR,0.0,847.731631942565,65.124,143.58,329.561,,,,0,0.0,,-0.3925713146558547,-0.3375328169777099
Syrian Arab Republic,2016,SYR,0.0,656.3490586313,65.993,136.782,311.689,,1.186,,0,0.0,,-0.41014522945467013,-0.3375328169777099
Syrian Arab Republic,2017,SYR,0.0,851.502005254153,68.481,105.011,314.962,,,,0,0.0,,-0.39222509598927935,-0.3375328169777099
Syrian Arab Republic,2018,SYR,0.0,1098.0668642357,70.145,100.14,257.877,,,,0,0.0,,-0.3695840072571497,-0.3375328169777099
Syrian Arab Republic,2019,SYR,0.0,1109.53926036049,71.822,93.914,204.403,,,,0,0.0,,-0.3685305418943059,-0.3375328169777099
Syrian Arab Republic,2020,SYR,0.0,572.355289831901,72.14,92.475,183.774,,,,0,0.0,,-0.41785804944121774,-0.3375328169777099
Syrian Arab Republic,2021,SYR,0.0,663.614245706815,72.063,94.953,178.157,,,94.0,0,0.0,,-0.40947809567935556,-0.3375328169777099
Syrian Arab Republic,2022,SYR,0.0,1051.67149587463,72.3,90.674,199.417,,,,0,0.0,,-0.37384431286664227,-0.3375328169777099
Chad,2005,TCD,0.0,643.807929251964,48.312,377.286,416.281,32.286048890000004,,,0,0.0,0.0501485729253334,-0.41129683242133586,-0.3375328169777099
Chad,2006,TCD,0.0,693.854591777338,48.286,376.699,428.049,34.9785614,0.036,,0,0.0,0.05041194771140871,-0.4067012427186331,-0.3375328169777099
Chad,2007,TCD,0.0,780.581405973967,48.751,371.663,422.428,35.18187714,,,0,0.0,0.04507137483771083,-0.39873745783950826,-0.3375328169777099
Chad,2008,TCD,0.0,905.678431905648,49.024,370.456,420.374,38.15471268,,,0,0.0,0.04212832207974551,-0.38725028616409657,-0.3375328169777099
Chad,2009,TCD,0.0,781.143474044293,49.196,373.216,419.903,36.02885056,,,0,0.0,0.04612321776621162,-0.3986858453221921,-0.3375328169777099
Chad,2010,TCD,0.0,866.439680905028,49.584,369.211,417.437,36.498703,,,0,0.0,0.042124920873748264,-0.3908534275314942,-0.3375328169777099
Chad,2011,TCD,0.0,954.316872911808,50.009,364.353,414.004,38.68487549,,,0,0.0,0.040536719603379595,-0.38278400794764017,-0.3375328169777099
Chad,2012,TCD,0.0,936.141444963822,50.54,358.029,408.93,37.49700546,0.041,,0,0.0,0.04005485032387291,-0.38445298656290006,-0.3375328169777099
Chad,2013,TCD,0.0,946.129583097771,50.781,356.36,409.912,39.97917175,0.043,,0,0.0,0.042255492761469476,-0.3835358148187448,-0.3375328169777099
Chad,2014,TCD,0.0,982.527563074226,51.202,351.758,406.878,43.6758728,0.044,,0,0.0,0.044452567481509386,-0.3801935303678252,-0.3375328169777099
Chad,2015,TCD,0.0,747.588448455507,51.589,346.329,405.939,35.03440857,0.049,26.0029907226562,0,0.0,0.04686322888265586,-0.40176707236688397,-0.3375328169777099
Chad,2016,TCD,0.0,668.078636142918,52.083,346.831,394.835,33.10380936,0.037,22.0,0,0.0,0.04955076778254933,-0.4090681481287752,-0.3375328169777099
Chad,2017,TCD,0.0,640.117048532702,52.308,343.204,399.137,31.06099701,0.043,,0,0.0,0.04852393336687262,-0.41163575159339344,-0.3375328169777099
Chad,2018,TCD,0.0,695.642393675941,52.825,337.13,394.251,32.30886459,0.052,,0,0.0,0.04644464581761934,-0.40653707584753507,-0.3375328169777099
Chad,2019,TCD,0.0,678.142035723965,53.259,330.834,393.335,31.30481529,0.053,30.6279201507568,0,0.0,0.046162623227713466,-0.40814406541965564,-0.3375328169777099
Chad,2020,TCD,0.0,622.095543396442,52.777,344.715,408.621,35.72977829,0.06,,0,0.0,0.057434551122046096,-0.4132905960775668,-0.3375328169777099
Chad,2021,TCD,0.0,660.747192555507,52.525,352.065,423.49,35.63117981,0.058,,0,0.0,0.05392558638379194,-0.409741365980998,-0.3375328169777099
Chad,2022,TCD,0.0,671.720147647873,52.997,347.439,418.778,,0.085,27.2800006866455,0,0.0,,-0.40873376233899433,-0.3375328169777099
Chad,2023,TCD,0.0,680.639877912029,,,,,,,0,0.0,,-0.40791469831984906,-0.3375328169777099
Togo,1995,TGO,15021583.9836836,419.220334892756,54.037,289.698,342.416,,0.076,,0,35832.193081774974,,-0.4319198347138196,-0.332744017088223
Togo,1996,TGO,29371378.3980966,452.068436882428,54.098,293.281,343.458,,,,0,64971.08844990074,,-0.42890352170432516,-0.3281693800871889
Togo,1997,TGO,26259729.7819491,448.001096915436,54.192,294.38,346.445,,,,0,58615.324745300444,,-0.429277009659895,-0.32916135686975156
Togo,1998,TGO,18571009.4829956,461.158245854911,54.199,299.868,347.925,,,,0,40270.36196342543,,-0.42806884002115997,-0.33161247939836885
Togo,1999,TGO,22861815.5670859,445.291484100954,54.538,300.591,342.587,,,,0,51341.23688272196,,-0.4295258228298488,-0.33024459357996117
Togo,2000,TGO,34234286.8369947,409.889802792768,54.742,299.201,344.678,11.22799778,,53.0,0,83520.7087459623,0.027392722881853807,-0.4327766210623139,-0.32661911112620085
Togo,2001,TGO,68502540.4745959,396.692654520135,54.86,304.401,342.839,11.21350384,0.057,,0,172684.1666817879,0.028267485450580315,-0.4339884636837076,-0.31569457684200664
Togo,2002,TGO,103212650.698004,445.238691488925,55.311,300.546,337.828,12.65094852,,,0,231814.1991497865,0.028413857020587987,-0.4295306705693778,-0.3046291810633403
Togo,2003,TGO,148687118.60365,538.16537776929,55.639,299.357,334.241,15.46995354,,,1,276285.18062600406,0.02874572423094807,-0.4209975756330309,-0.29013216616014686
Togo,2004,TGO,179017072.484853,560.266308533382,55.569,307.756,336.039,16.90148544,0.044,,1,319521.3950192165,0.030166878112380672,-0.41896813341421935,-0.2804631405798744
Togo,2005,TGO,192577048.924825,551.259850017077,55.962,304.345,331.631,17.79439926,,,1,349339.8783148443,0.03227951257369598,-0.4197951613502854,-0.27614029328575973
Togo,2006,TGO,232375010.317227,552.50227125256,56.222,305.977,326.945,18.60928154,,57.0,1,420586.52499367495,0.03368181907707185,-0.4196810746570257,-0.2634529180179617
Togo,2007,TGO,284825315.763316,607.588224471809,56.511,302.978,325.592,22.96606827,0.048,,1,468780.17757984274,0.037798738265483925,-0.4146227465567334,-0.24673204376151786
Togo,2008,TGO,338423735.377043,718.948786366771,56.695,306.851,321.114,27.6753788,0.056,,1,470720.2262448726,0.03849422841348457,-0.40439694076454485,-0.22964515690579848
Togo,2009,TGO,335854154.36554,720.694168794129,57.011,301.505,321.418,29.0416832,,57.0,1,466014.80753964436,0.040296820007011805,-0.4042366691079408,-0.23046432546200926
Togo,2010,TGO,336925895.726906,704.987164181378,57.304,303.132,314.544,31.36204338,0.0506,,1,477917.77332306467,0.04448597786374905,-0.40567898204183656,-0.23012266010112306
Togo,2011,TGO,244453975.487468,783.989380490906,57.925,294.974,305.95,35.2552681,,60.0,1,311807.7636898598,0.04496906332828694,-0.3984245168399126,-0.25960220912233556
Togo,2012,TGO,344740603.030966,762.392047587088,58.073,295.812,305.804,36.26974869,,,1,452182.842308027,0.047573618855011615,-0.4004077156326054,-0.2276313735953389
Togo,2013,TGO,397472016.375385,826.543259457126,58.684,286.269,299.149,40.56192398,,,1,480884.7109060508,0.049074169459250194,-0.3945169602093767,-0.21082088365829044
Togo,2014,TGO,427861354.591636,855.585284856656,58.853,285.922,299.185,43.02396011,,,1,500080.31012749305,0.05028599821841045,-0.3918501443591881,-0.2011329266725534
Togo,2015,TGO,363741802.799497,751.052405084336,59.396,277.686,293.381,37.41205215,0.048,64.0,1,484309.4840481235,0.04981283848734761,-0.4014489907484347,-0.22157389367507907
Togo,2016,TGO,367166876.401137,772.581787093976,59.55,277.471,293.505,51.94157028,0.045,,1,475246.611471667,0.06723116069740055,-0.3994720316211624,-0.22048199869896776
Togo,2017,TGO,403610142.956524,792.765487219069,60.154,267.501,287.325,52.88779449,0.074,,1,509116.6927212516,0.06671303852482827,-0.3976186412095583,-0.2088640820370138
Togo,2018,TGO,450814504.645692,851.130806891807,60.244,267.117,289.905,53.81824493,0.076,,1,529665.3593024017,0.06323146159699658,-0.39225918168621854,-0.19381558633337
Togo,2019,TGO,507962802.03796,826.260654099894,60.901,255.959,282.895,50.15758133,0.076,67.0,1,614773.0737479215,0.06070430811526455,-0.39454291075640796,-0.17559701760361965
Togo,2020,TGO,650385610.227793,853.578220263722,61.035,255.948,282.978,54.17138672,0.081,,1,761951.9743918133,0.06346388114643223,-0.39203444526779047,-0.13019339513206743
Togo,2021,TGO,650385610.227793,939.613373786407,61.619,243.922,277.337,54.14671707,0.059,,1,692184.2838474101,0.05762659257584028,-0.3841341728890112,-0.13019339513206743
Togo,2022,TGO,650385610.227793,898.758154410712,61.588,246.927,275.851,,0.083,,1,723649.1897580954,,-0.38788574823870436,-0.13019339513206743
Togo,2023,TGO,650385610.227793,985.697512629974,,,,,,,1,659822.7162940449,,-0.37990244627147624,-0.13019339513206743
Tunisia,1995,TUN,679883690.192969,1968.16600944373,71.988,86.375,143.157,,0.642,,1,345440.21537346183,,-0.2896861984867622,-0.12078956646587971
Tunisia,1996,TUN,735559759.950004,2107.40815649257,72.38,85.98,141.201,,0.655,,1,349035.262905227,,-0.27690013554329557,-0.10304033595935275
Tunisia,1997,TUN,684505195.578298,2202.06090620956,72.863,84.744,139.221,,0.676,,1,310847.5308962035,,-0.2682085429378675,-0.11931625549530792
Tunisia,1998,TUN,718347274.363872,2285.01933541864,73.169,80.214,141.088,,0.705,,1,314372.51459067554,,-0.26059079414528125,-0.10852758345350486
Tunisia,1999,TUN,761238382.263061,2376.06566791596,73.508,77.423,137.934,,0.73,,1,320377.669919679,,-0.2522303647583787,-0.09485412977573637
Tunisia,2000,TUN,795953356.598292,2199.04465936314,73.69,76.778,137.348,109.57323456,0.752,,1,361954.15732430195,0.04982765315540851,-0.26848551311427415,-0.08378718334447673
Tunisia,2001,TUN,927148405.258174,2235.71981624751,73.816,76.985,136.824,112.57370758,0.777,,1,414697.9413611513,0.050352332506917896,-0.2651177765896385,-0.04196291000512105
Tunisia,2002,TUN,1070313232.67373,2320.7723805785,74.059,76.336,136.263,123.12686157,0.789,,1,461188.3705746845,0.05305426012494518,-0.2573077315415839,0.0036772641902706204
Tunisia,2003,TUN,1250253856.35288,2725.8643148859,74.305,75.587,135.547,147.14959717,0.803,,1,458663.27591042017,0.05398272994235937,-0.22010972016555763,0.06104136372364151
Tunisia,2004,TUN,1431351033.07997,3067.41936376975,74.49,74.978,134.77,165.22702026,1.295,74.0,1,466630.3701365731,0.05386515525446179,-0.1887460530127097,0.11877416612577618
Tunisia,2005,TUN,1392672712.79192,3146.8260743927,74.764,74.253,134.12,167.6730957,0.907,,1,442564.24723463284,0.05328324214180122,-0.18145444467660327,0.10644372639837191
Tunisia,2006,TUN,1510039255.46102,3322.56933570096,74.921,73.603,133.532,176.48648071,,,1,454479.3811330496,0.05311747111298936,-0.16531662686351434,0.1438595466723015
Tunisia,2007,TUN,1715757366.85679,3726.91672935667,75.072,72.924,133.116,199.6681366,0.998,77.0,1,460369.11781309353,0.05357461706273919,-0.12818698374981558,0.20944137014628236
Tunisia,2008,TUN,1976964228.95094,4255.05008019523,75.185,72.27,132.214,227.52876282,1.08,78.0,1,464615.9720076039,0.05347264039946635,-0.07969055928720503,0.29271270782201425
Tunisia,2009,TUN,1964488715.26171,4080.09032448781,75.267,71.177,131.749,228.4881897,,,1,481481.67295985535,0.05600076751454835,-0.09575643083875447,0.28873558139905053
Tunisia,2010,TUN,2063294676.54045,4291.86120891575,75.421,70.745,131.062,237.90208435,1.193,79.0,1,480745.89929754485,0.05543098268317513,-0.07631033699951278,0.3202343885132819
Tunisia,2011,TUN,2004498798.34729,4420.64772206537,75.46,70.068,131.615,267.08099365,,80.0,1,453440.06678975286,0.06041671050078995,-0.06448437411183154,0.30149057991762906
Tunisia,2012,TUN,2265714118.02994,4297.26782454273,75.55,69.371,129.772,266.30584717,,80.0,1,527245.2661874836,0.06197096807628868,-0.0758138685868744,0.38476461382692195
Tunisia,2013,TUN,2290512364.1381,4369.79345826358,75.65,68.439,129.013,280.64221191,,,1,524169.479865595,0.06422322120952566,-0.06915412268792373,0.3926701608285707
Tunisia,2014,TUN,2346621114.17085,4458.97895464547,75.65,68.027,129.155,283.7175293,1.236,79.0,1,526268.7126446479,0.06362836249864251,-0.060964566619219986,0.41055732747144497
Tunisia,2015,TUN,1971375772.63748,4014.94773686432,75.692,67.381,128.758,246.10754395,1.268,,1,491009.0745482847,0.06129782006632304,-0.10173822042838268,0.29093113811502674
Tunisia,2016,TUN,1821247342.53037,3847.80354448809,75.786,63.083,129.155,237.1728363,1.241,,1,473321.29134796245,0.06163849935627453,-0.11708641930101114,0.2430710049701684
Tunisia,2017,TUN,1890325180.56977,3619.03247319953,75.845,62.891,127.499,220.80870056,1.261,,1,522328.8805967975,0.06101318576033292,-0.13809357395307087,0.2650926468641515
Tunisia,2018,TUN,1698889093.72075,3628.10366464236,75.95,62.472,126.776,212.39416504,,79.4751129150391,1,468258.14550925134,0.05854137165646195,-0.13726060184499517,0.20406385572320657
Tunisia,2019,TUN,1789289306.82748,3528.87213306798,75.993,62.062,125.936,209.52612305,1.28,81.0,1,507042.8282341539,0.0593748130136524,-0.14637264611878525,0.2328829556933112
Tunisia,2020,TUN,2280560592.66865,3548.65363663803,75.292,61.947,132.71,246.5980835,1.295,,1,642655.1662081165,0.06949060369093257,-0.14455618784717905,0.3894975898024482
Tunisia,2021,TUN,2967211621.11079,3885.28166485296,73.772,76.649,149.819,265.46484375,1.292,,1,763705.6659116334,0.06832576545259213,-0.11364494977368503,0.6083982312189227
Tunisia,2022,TUN,2806550462.88859,3678.40023411347,74.263,74.869,143.233,,,85.2149276733398,1,762981.2647521744,,-0.13264206416277682,0.5571803212052384
Tunisia,2023,TUN,2872131225.96717,3977.69516639644,,,,,,,1,722059.1588392514,,-0.10515897858892133,0.5780871144784573
Tanzania,1995,TZA,840348.2086,258.418334960938,50.786,367.129,439.353,,0.041,,0,3251.8908100194412,,-0.4466856548059385,-0.33726491850489604
Tanzania,1996,TZA,19318018.541,313.658386230469,50.744,379.692,443.643,,,,0,61589.35768675914,,-0.441613176483087,-0.33137433694293256
Tanzania,1997,TZA,1586283.7912,363.597686767578,50.624,398.824,445.877,,,,0,4362.744453360612,,-0.4370274454127653,-0.33702711826762416
Tanzania,1998,TZA,11500422.9221,386.378448486328,50.914,408.439,445.723,,,,0,29764.659408810017,,-0.4349355769705623,-0.333866544227897
Tanzania,1999,TZA,7200008.9425,392.621765136719,51.748,395.338,438.642,,,,0,18338.282749028975,,-0.4343622775683354,-0.33523749299153105
Tanzania,2000,TZA,8000014.8258,401.698150634766,52.362,397.52,433.947,12.25793076,,,0,19915.48831668337,0.030515278053010547,-0.43352882851043995,-0.33498245543426036
Tanzania,2001,TZA,15253000.0,396.638732910156,53.161,390.835,429.795,15.08091736,,,0,38455.64927078115,0.038021796936851426,-0.4339934150947122,-0.3326702429113742
Tanzania,2002,TZA,12000000.0,402.649047851563,53.863,388.563,427.391,16.92565536,0.023,69.0,0,29802.62852732192,0.04203575160629626,-0.43344151133008596,-0.33370728175211306
Tanzania,2003,TZA,8900000.0,422.18359375,54.895,378.825,413.059,20.26038742,,,0,21080.876025869966,0.04798951858843994,-0.43164773021766284,-0.3346955450187256
Tanzania,2004,TZA,13798418.36,450.385284423828,55.596,374.784,406.905,23.29498863,,,0,30636.920959023195,0.051722357358546855,-0.4290580790257629,-0.33313395568656806
Tanzania,2005,TZA,19366300.0,483.334869384766,56.299,369.878,400.133,27.53238869,,,0,40068.07955869446,0.05696338177513617,-0.4260324472310745,-0.33135894507442026
Tanzania,2006,TZA,15380675.0,475.746734619141,56.911,361.285,398.989,35.36390686,,,0,32329.544021595855,0.07433347259505747,-0.42672923603240454,-0.33262954081054685
Tanzania,2007,TZA,25461384.4040548,543.198303222656,57.52,354.485,396.026,35.99416351,,,0,46873.09266799794,0.06626339459540995,-0.4205354217306357,-0.32941586506686216
Tanzania,2008,TZA,36819747.7760867,675.977233886719,58.086,350.356,389.278,36.01263428,,,0,54468.91689588617,0.05327492180903098,-0.40834285072380244,-0.3257948801347924
Tanzania,2009,TZA,39827093.5072951,693.823547363281,58.894,339.706,375.987,33.38547516,,,0,57402.33760968323,0.048118106234465406,-0.406704093406019,-0.3248361545489352
Tanzania,2010,TZA,344287552.637922,736.530151367188,60.105,304.36,361.914,36.89682007,,67.8006973266602,1,467445.29331058124,0.050095464525803976,-0.40278251263131204,-0.22777580361513558
Tanzania,2011,TZA,409563366.21142,775.392761230469,61.049,282.997,349.568,37.43364334,,,1,528201.1732499086,0.048277009035519805,-0.399213910836591,-0.2069662265980599
Tanzania,2012,TZA,390138888.105225,861.969909667969,62.03,262.101,333.244,41.63511276,0.031,78.0,1,452613.11761509936,0.048302280964816806,-0.3912638691800267,-0.21315864536756685
Tanzania,2013,TZA,381930784.183918,963.05712890625,62.96,241.458,318.49,43.09357452,,,1,396581.6489180441,0.044746644021981995,-0.38198142435024884,-0.21577534459142678
Tanzania,2014,TZA,389485169.000959,1022.74841308594,63.873,225.06,302.08,39.47782898,0.059,,1,380822.0712127677,0.038599746012690936,-0.3765002066810745,-0.2133670474893181
Tanzania,2015,TZA,387768775.189673,939.127319335938,64.651,211.721,285.557,32.90985107,,78.0,1,412903.306299157,0.03504301322345807,-0.3841788053722742,-0.21391422457149065
Tanzania,2016,TZA,402531458.346674,953.0107421875,65.386,201.52,270.231,36.26340103,,,1,422378.72096039605,0.03805140847285996,-0.38290394483461976,-0.20920796086803795
Tanzania,2017,TZA,402634721.769049,986.674011230469,65.999,194.219,257.16,38.65550995,,,1,408072.6939051817,0.03917759007536156,-0.37981277821597176,-0.20917504104638704
Tanzania,2018,TZA,412910078.031613,1023.10626220703,66.535,188.809,247.018,40.83135605,0.05,,1,403584.7431340019,0.039909203528790044,-0.3764673467928618,-0.20589931293488742
Tanzania,2019,TZA,433499813.406953,1063.32250976563,66.989,183.017,240.126,39.5618248,,,1,407684.22508285084,0.03720585658317337,-0.3727744457314186,-0.19933541643788075
Tanzania,2020,TZA,326160727.762653,1117.41528320313,66.408,188.043,247.468,31.39298439,,,1,291888.55089550593,0.028094285859425826,-0.3678073174544037,-0.23355453753918276
Tanzania,2021,TZA,558427114.020975,1159.85656738281,66.201,192.208,252.891,37.15989685,,,1,481462.2167299989,0.032038355340652566,-0.3639100999636924,-0.1595092673430753
Tanzania,2022,TZA,703752774.724637,1207.85302734375,66.782,185.269,245.878,,0.133,82.0199966430664,1,582647.6887442961,,-0.35950277236116046,-0.113180231159326
Tanzania,2023,TZA,758814527.83441,1224.48962402344,,,,,,,1,619698.6180585914,,-0.35797509861567467,-0.09562684148394668
Uganda,1999,UGA,232600000.0,257.921949601357,47.786,440.216,539.299,,,,1,901823.2079879417,,-0.44673123593626674,-0.26338119252155806
Uganda,2000,UGA,238100000.0,258.050338731086,48.342,440.046,531.873,16.41194344,,,1,922688.1901058992,0.063599774837354,-0.4467194464635477,-0.2616278222098262
Uganda,2001,UGA,348574793.62321,236.021188853993,49.006,440.85,523.235,15.98436737,,,1,1476879.2383248468,0.06772428970302416,-0.44874229732364523,-0.22640905433098205
Uganda,2002,UGA,441830059.991341,241.984688408335,49.648,440.994,514.479,15.7368412,0.047,68.0,1,1825859.5735849973,0.0650323840880585,-0.4481946924333069,-0.19667977879234042
Uganda,2003,UGA,298785184.174033,250.71543664681,50.368,447.131,498.951,14.2323103,,,1,1191730.3065584279,0.056766789035209916,-0.44739298189604015,-0.24228171306569332
Uganda,2004,UGA,310532464.928579,292.38185796262,51.547,438.38,476.879,18.61294365,0.081,,1,1062078.4309000438,0.06365970782078961,-0.44356691703806234,-0.2385367433714024
Uganda,2005,UGA,321808492.95616,330.405402707025,52.976,414.15,453.285,25.88375473,0.12,,1,973980.7228319205,0.07833938100870426,-0.4400753633185901,-0.23494200650270838
Uganda,2006,UGA,411000000.0,346.518255310647,54.369,383.971,436.252,31.62604523,,71.0,1,1186084.6974181673,0.09126804936048132,-0.43859578294759477,-0.2065082355010186
Uganda,2007,UGA,451571875.891444,401.389130865581,55.236,374.543,426.117,36.13018799,,,1,1125022.6804040403,0.09001287083206905,-0.4335572045898334,-0.19357414046841342
Uganda,2008,UGA,723521002.699915,472.842681495852,55.823,370.467,424.685,40.08214951,,,1,1530151.6360812325,0.08476846756557364,-0.42699590389707426,-0.10687822678707144
Uganda,2009,UGA,781097319.368914,798.947089938247,56.488,357.963,423.453,44.42161942,,,1,977658.3821455402,0.05560020178987507,-0.39705100875678384,-0.08852320782229034
Uganda,2010,UGA,770789132.022296,823.488144282,57.055,352.022,419.24,51.96447372,,73.0,1,936005.1354404715,0.06310288020637853,-0.3947974995127171,-0.09180940230616857
Uganda,2011,UGA,816231810.794777,835.620060555838,57.965,336.068,405.145,55.3051796,,,1,976797.7688949158,0.06618460016770311,-0.39368347298849415,-0.07732252160703461
Uganda,2012,UGA,913264190.720656,795.222867553127,58.817,317.869,396.93,55.14218903,0.098,70.0,1,1148438.0391760338,0.06934180502086237,-0.3973929895638947,-0.04638912265453924
Uganda,2013,UGA,940664379.276376,818.285427416713,59.763,297.19,384.237,53.0015564,,,1,1149555.3357781372,0.06477147780490643,-0.39527524469782443,-0.037654090445547427
Uganda,2014,UGA,887611309.440542,896.054795546394,60.408,293.565,368.953,51.04053879,,,1,990577.0426676827,0.056961403525413457,-0.38813398713282193,-0.05456712273580005
Uganda,2015,UGA,902157540.458581,862.934610355811,61.086,280.116,360.018,40.15630341,0.097,,1,1045452.9574223444,0.04653458434520605,-0.39117528448079747,-0.049929862805868606
Uganda,2016,UGA,1146050427.30299,752.696571725656,61.648,264.368,359.046,39.13254166,,69.101318359375,1,1522592.861922459,0.05198979659264755,-0.4012980133424479,0.027821873018780346
Uganda,2017,UGA,1165739410.77889,765.218332297361,62.115,262.371,345.963,31.47759247,0.172,,1,1523407.5839232348,0.0411354395751302,-0.4001481889377963,0.03409861467238443
Uganda,2018,UGA,1338053924.78985,792.16570022814,62.714,247.133,338.271,32.99159622,0.414,,1,1689108.6352318672,0.041647342482132935,-0.3976737173081479,0.08903155160826158
Uganda,2019,UGA,1424500000.0,822.057058189153,62.991,243.695,334.728,33.40487289,,,1,1732848.0861631706,0.04063571081499507,-0.3949289105635266,0.1165900937608467
Uganda,2020,UGA,1061900000.0,845.766463890124,62.851,244.897,337.48,36.87842941,0.158,,1,1255547.5362735055,0.043603560775366694,-0.3927517683686531,0.0009951710273959251
Uganda,2021,UGA,1155210000.0,882.791717542504,62.705,242.689,345.11,43.44807434,,,1,1308587.265879485,0.04921667645563076,-0.38935188382413305,0.03074189535243258
Uganda,2022,UGA,1250380000.0,963.067314117178,63.638,233.908,325.655,,0.168,80.5899963378906,1,1298330.845280732,,-0.3819804890820791,0.06108157763743675
Uganda,2023,UGA,1430720000.0,1002.30913917142,,,,,,,1,1427423.879605383,,-0.3783770654363345,0.11857299618611439
"Yemen, Rep.",1995,YEM,1080500000.0,764.414656090937,60.453,205.496,268.755,,0.247,,1,1413499.8477468498,,-0.4002219873873269,0.006924750627071006
"Yemen, Rep.",1996,YEM,1134500000.0,375.214994663363,60.568,205.363,269.447,,0.23,,1,3023599.8457840304,,-0.43596067336753797,0.024139659142256725
"Yemen, Rep.",1997,YEM,1168599976.0,382.584928722421,61.119,198.607,262.168,,0.223,,1,3054485.1306671854,,-0.43528392108552044,0.03501054742392392
"Yemen, Rep.",1998,YEM,1202400024.0,342.73940747773,61.375,197.401,262.117,,,,1,3508204.7694738097,,-0.4389427797963902,0.04578582027816255
"Yemen, Rep.",1999,YEM,1223199951.0,401.448141660801,61.975,190.596,255.63,,,,1,3046968.7714572325,,-0.4335517858588096,0.05241672473052443
"Yemen, Rep.",2000,YEM,1288000000.0,493.235182634814,62.588,184.41,249.175,24.13679314,,,1,2611330.3457381735,0.04893566799323523,-0.42512334010325376,0.07307463056968279
"Yemen, Rep.",2001,YEM,1294612549.0,487.141257946318,63.222,178.772,242.066,25.45506668,,,1,2657571.1415982423,0.05225397410868677,-0.4256829214246516,0.07518267549722321
"Yemen, Rep.",2002,YEM,1294000000.0,513.241486570603,63.906,171.999,234.373,26.28294373,,,1,2521230.325019709,0.051209702289692904,-0.4232862392913897,0.07498739818248121
"Yemen, Rep.",2003,YEM,1269900024.0,548.905883049973,64.541,165.576,227.823,33.58860016,,,1,2313511.410997916,0.06119191139538589,-0.4200113169500528,0.0673044559221447
"Yemen, Rep.",2004,YEM,1282598999.0,627.632023395762,65.006,164.993,221.636,36.898983,0.325,54.0999984741211,1,2043552.513558155,0.05879079082096619,-0.4127822027264378,0.07135282060476748
"Yemen, Rep.",2005,YEM,1282599000.0,734.159908450927,65.543,159.73,216.518,40.90756226,,,1,1747029.4757803872,0.0557202345008388,-0.4030001627879703,0.07135282092356209
"Yemen, Rep.",2006,YEM,1282600000.0,809.713127624703,65.988,153.521,215.974,48.03204346,,,1,1584017.791291729,0.0593198279999513,-0.3960624055326287,0.07135313971816422
"Yemen, Rep.",2007,YEM,1321520000.0,890.305768114988,66.565,148.118,208.757,55.67542648,,,1,1484343.9718446464,0.0625351744018008,-0.3886618978851309,0.08376062563318326
"Yemen, Rep.",2008,YEM,1410520000.0,1071.63583282105,66.963,147.233,202.85,66.46580505,0.296,,1,1316230.7164429612,0.06202275345257047,-0.37201106571962744,0.1121333452230264
"Yemen, Rep.",2009,YEM,1160000000.0,969.243509864478,67.196,142.719,205.897,62.60401154,0.297,,1,1196809.6646447433,0.06459059142810608,-0.38141335313043045,0.03226892149664998
"Yemen, Rep.",2010,YEM,1526000000.0,1155.20305261418,67.28,142.848,205.852,64.44327545,,,1,1320979.88881411,0.05578523646052298,-0.36433741406363357,0.14894774587735318
"Yemen, Rep.",2011,YEM,1403920000.0,1186.47500581215,67.419,141.619,202.989,61.27024841,,,1,1183269.7638994996,0.05164057237603595,-0.3614658326464486,0.11002930084894814
"Yemen, Rep.",2012,YEM,3351000000.0,1245.05068272078,67.343,142.587,204.186,70.12895966,,,1,2691456.6985153877,0.05632618867108995,-0.3560870568390976,0.7307478947702039
"Yemen, Rep.",2013,YEM,3342500000.0,1378.75002954928,67.545,141.127,198.582,74.30075836,,,1,2424297.318849508,0.05388994144521562,-0.34380996760799026,0.7280381406520728
"Yemen, Rep.",2014,YEM,3350500000.0,1430.16420964026,67.384,142.244,202.947,75.41601563,0.294,,1,2342737.9719163696,0.05273241710402609,-0.3390888041042458,0.7305884974691373
"Yemen, Rep.",2015,YEM,3350500000.0,1362.17379435676,65.873,149.098,251.912,63.30020905,,,1,2459671.4559335355,0.04646999473359518,-0.34533209859368186,0.7305884974691373
"Yemen, Rep.",2016,YEM,3770584000.0,975.359406696353,66.064,148.842,245.338,,,,1,3865840.606152939,,-0.3808517541928568,0.8645090091116054
"Yemen, Rep.",2017,YEM,3770584000.0,811.165963877611,65.957,148.962,250.734,,,,1,4648350.852858154,,-0.39592899724950514,0.8645090091116054
"Yemen, Rep.",2018,YEM,3770584000.0,633.887206000087,64.575,153.865,298.319,,,,1,5948351.637814066,,-0.4122078137199704,0.8645090091116054
"Yemen, Rep.",2019,YEM,3770584000.0,623.376164898164,65.092,153.203,277.88,,,,1,6048649.615302456,,-0.41317300160294246,0.8645090091116054
"Yemen, Rep.",2020,YEM,3770584000.0,559.564672794182,64.65,163.202,277.098,,,,1,6738423.962991833,,-0.41903256188587784,0.8645090091116054
"Yemen, Rep.",2021,YEM,3770584000.0,522.173512705812,63.753,171.918,294.032,,,,1,7220940.756763958,,-0.4224660461903927,0.8645090091116054
"Yemen, Rep.",2022,YEM,3770584000.0,615.70207931388,63.72,171.078,296.054,,,,1,6124039.737208337,,-0.41387768293250987,0.8645090091116054
"Yemen, Rep.",2023,YEM,3770584000.0,477.409028678688,,,,,,,1,7898015.691985849,,-0.4265765940563478,0.8645090091116054
South Africa,1995,ZAF,82687213.0210113,3855.6340871567,62.262,228.505,384.63,,,,0,21445.814398323306,,-0.11636737112799478,-0.3111725798011843
South Africa,1996,ZAF,74885755.32232,3617.55336002932,61.459,255.787,408.419,,0.593,82.0,0,20700.663644589076,,-0.13822939514295945,-0.31365964240429656
South Africa,1997,ZAF,175998209.228206,3700.23554789867,60.805,277.359,420.179,,,,1,47564.05557158484,,-0.13063701251451412,-0.2814255378906714
South Africa,1998,ZAF,258605546.664454,3309.60933087472,60.001,298.727,434.464,,,,1,78137.78630969273,,-0.16650669352772493,-0.2550907646194105
South Africa,1999,ZAF,306862360.530565,3242.36830483958,59.241,318.509,448.28,,,,1,94641.42616757641,,-0.1726811745271239,-0.23970675284275408
South Africa,2000,ZAF,324663747.14919,3217.84693448467,58.47,342.423,472.925,237.82832336,,,1,100894.7143103263,0.07390914739022154,-0.17493287626731585,-0.23403176687825258
South Africa,2001,ZAF,281612438.318798,2847.15191945908,57.261,370.311,489.674,204.25814818999999,,,1,98910.2254762368,0.07174121858197376,-0.2089723527864765,-0.2477562917481453
South Africa,2002,ZAF,268163091.355463,2688.23676032806,55.666,407.094,514.914,180.86155701,,,1,99754.26841597748,0.06727887947932402,-0.2235649116516277,-0.25204387096227127
South Africa,2003,ZAF,390800401.778672,4062.21755993786,54.331,436.005,539.331,288.37631226,,,1,96203.71041492176,0.07098987388169611,-0.09739761705537653,-0.21294775837923471
South Africa,2004,ZAF,468117772.172632,5221.46333731721,54.043,453.713,543.768,365.53488159,0.717,,1,89652.60156612554,0.07000621434561521,0.009051398495362635,-0.1882993980465171
South Africa,2005,ZAF,613577432.378763,5836.87663325127,53.98,460.982,544.067,404.39968872,,,1,105120.84988799681,0.06928357649641473,0.06556239968883854,-0.1419276435446922
South Africa,2006,ZAF,691930200.99573,6077.38293388876,54.278,459.37,545.462,422.18884277,,,1,113853.31622553885,0.06946885647369472,0.08764715465295614,-0.11694920384742177
South Africa,2007,ZAF,792351190.565225,6591.85535960564,54.992,443.684,539.73,460.02288818,,89.0,1,120201.5437748664,0.06978655675592994,0.13488914967610593,-0.08493553443180557
South Africa,2008,ZAF,783693527.767263,6184.75474328399,56.022,424.313,526.715,446.90435791,,,1,126713.7599301369,0.07225902666476668,0.09750668886999012,-0.08769555059888412
South Africa,2009,ZAF,862051631.083665,6374.70560042992,57.447,402.427,509.691,492.94265747,,93.0,1,135230.0302347338,0.07732790945463507,0.1149491347608985,-0.06271541022822985
South Africa,2010,ZAF,1069571380.61167,7973.47195771517,58.899,374.173,482.722,628.12860107,,93.0,1,134141.23562280138,0.07877730108051859,0.2617576098483729,0.0034407657573046068
South Africa,2011,ZAF,1158421806.40696,8646.05571071635,60.651,346.302,457.707,694.10058594,,93.0,1,133982.69050836147,0.08027944870626931,0.32351835099530235,0.03176580189806784
South Africa,2012,ZAF,1084534306.3063,8076.97678479741,61.846,320.819,432.358,654.25469971,,94.0,1,134274.78315248157,0.08100242419186429,0.27126205417126853,0.008210865700870821
South Africa,2013,ZAF,970655337.203887,7331.65467384919,62.533,304.887,419.532,602.6763916,,,1,132392.39713049436,0.08220196100474397,0.20282203348989572,-0.028093134945456955
South Africa,2014,ZAF,913403103.749989,6856.73137092522,63.38,286.397,403.001,547.83441162,,94.0,1,133212.61317354743,0.07989731287169813,0.15921168006454228,-0.04634483793062193
South Africa,2015,ZAF,825253479.870489,6112.27382485974,63.95,277.004,392.511,499.36334229,,94.0,1,135015.7901162791,0.08169845733334093,0.09085104900221593,-0.0744464622034668
South Africa,2016,ZAF,755434048.949775,5651.20585165749,64.747,264.877,381.398,463.34463501,0.765,91.7372436523438,1,133676.6114665965,0.08199040119448166,0.04851297643204244,-0.09670451990499311
South Africa,2017,ZAF,873861160.607839,6618.33508255701,65.402,255.495,369.708,536.77722168,0.788,87.0,1,132036.40337143833,0.08110457010475433,0.1373206792923723,-0.058950595962192084
South Africa,2018,ZAF,929043381.126846,6914.1780318076,65.674,246.989,360.378,570.09777832,0.759,,1,134367.87089556074,0.08245344214414987,0.16448678273641112,-0.041358801927015985
South Africa,2019,ZAF,890059293.728208,6533.71121032856,66.175,236.101,341.836,551.4352417,0.799,95.0,1,136225.6863023258,0.08439847185597756,0.1295499993670382,-0.05378671855878558
South Africa,2020,ZAF,810881603.952636,5580.60383075189,65.252,256.616,353.927,492.20724487,,,1,145303.56007073587,0.08819963928593075,0.04202986839063664,-0.07902813866860459
South Africa,2021,ZAF,926650843.653293,6843.39941886204,62.341,294.817,399.441,583.67108154,0.809,90.0,1,135407.97298769708,0.08528964127554259,0.15798745893716112,-0.04212152995898576
South Africa,2022,ZAF,872855576.231192,6523.41097815853,61.48,307.784,416.314,,,,1,133803.55448302403,,0.12860416924555837,-0.05927117083345649
South Africa,2023,ZAF,803385605.182583,6022.5425418935,,,,,,,1,133396.41847178995,,0.08261137548151153,-0.08141782261409361
Zambia,2003,ZMB,36300000.0,446.290104839041,48.284,519.29,558.619,27.11714554,,,0,81337.2279743732,0.06076125203309195,-0.42943412338478526,-0.3259605729202795
Zambia,2004,ZMB,48400000.0,548.685974566277,49.487,512.372,538.952,30.49891281,0.134,,0,88210.74757425507,0.05558536981760588,-0.42003151028787417,-0.3221031582344694
Zambia,2005,ZMB,52870000.0,710.982068171696,50.659,498.549,524.655,45.59496307,0.056,,0,74361.93170941176,0.06412955419149785,-0.40512849340470464,-0.32067814636293457
Zambia,2006,ZMB,57680000.0,1051.71714895686,51.795,480.124,511.604,59.4561615,0.054,,0,54843.643138470834,0.056532463656194326,-0.37384012072227124,-0.3191447443266745
Zambia,2007,ZMB,59300000.0,1118.73162626953,52.739,461.937,500.375,51.91783524,,61.1270904541016,0,53006.45714087748,0.04640776574192578,-0.36768644280790547,-0.3186282970712189
Zambia,2008,ZMB,68195000.0,1375.50211006997,53.945,431.183,485.06,62.25917435,0.062,,0,49578.25909589554,0.04526287084127625,-0.3441082113781269,-0.31579261908524525
Zambia,2009,ZMB,41264000.0,1136.24168316848,55.3,407.413,454.395,59.36890793,0.06,,0,36316.2174132996,0.052250246412758015,-0.36607856261933636,-0.32437807651529094
Zambia,2010,ZMB,43657312.0,1451.10616017155,56.799,365.922,433.573,58.39817047,0.061,83.0,0,30085.5397063705,0.0402438994973987,-0.33716578651706286,-0.3236151015684707
Zambia,2011,ZMB,46276750.72,1624.86817763443,57.771,342.386,413.363,65.0934906,,,0,28480.31080734941,0.04006078246591461,-0.32120989859409904,-0.3227800386439163
Zambia,2012,ZMB,72864000.0,1710.05061343728,58.867,313.925,390.087,69.96878815,,,0,42609.265145398254,0.040916208912296186,-0.3133879279556327,-0.31430416708788594
Zambia,2013,ZMB,53980262.0605766,1820.71854827391,59.878,295.804,369.481,84.19036102,,,0,29647.779505377883,0.046240184184323664,-0.3032257234030966,-0.3203242008110696
Zambia,2014,ZMB,58300302.4332848,1707.48573136694,60.699,275.841,357.175,66.04714203,,,0,34143.947069245536,0.03868093350163781,-0.31362345106619227,-0.3189469952592533
Zambia,2015,ZMB,47046538.1293303,1295.87788680068,61.208,259.209,349.496,57.92047501,,,0,36304.761898114375,0.044695935936523,-0.3514197930516606,-0.3225346345730318
Zambia,2016,ZMB,38464441.0005245,1239.08527877713,61.794,248.471,339.031,55.87984467,0.09,,0,31042.609947303685,0.0450976584316687,-0.3566348366020738,-0.3252705608126768
Zambia,2017,ZMB,93644095.262211,1483.46577328065,62.12,237.652,335.96,71.52032471,,,0,63125.21458120282,0.04821164464875685,-0.3341943295350468,-0.30767958488648217
Zambia,2018,ZMB,106965625.944343,1463.89997855593,62.342,228.649,329.797,70.36667633,0.225,71.1323013305664,0,73068.94426616473,0.0480679536585645,-0.33599098010523276,-0.3034327528128684
Zambia,2019,ZMB,98259120.8108228,1258.98619844462,62.793,219.249,321.702,85.64040375,0.239,,0,78046.22555212626,0.06802330625689312,-0.3548074128162847,-0.30620833965287847
Zambia,2020,ZMB,134864831.718129,951.644316655957,62.38,225.21,333.068,60.4353447,0.255,87.5,0,141717.68733095474,0.06350623194216887,-0.3830294183584354,-0.2945386366083857
Zambia,2021,ZMB,239709361.210131,1127.16077872857,61.223,250.213,368.647,75.3394928,0.297,,1,212666.52081393532,0.06684005886452371,-0.366912426634027,-0.2611147665431541
Zambia,2022,ZMB,243486022.923907,1447.12310138035,61.803,242.378,359.558,,0.262,,1,168255.22492983213,,-0.33753153526118373,-0.25991078717471966
Zambia,2023,ZMB,245688116.971317,1330.72780576709,,,,,,,1,184626.87553875192,,-0.3482196610016791,-0.25920877147901605
Zimbabwe,2005,ZWE,0.0,461.0282813252,44.768,678.049,714.677,,0.124,,0,0.0,,-0.4280807741567111,-0.3375328169777099
Zimbabwe,2006,ZWE,0.0,430.809179322191,45.364,655.237,700.907,,,,0,0.0,,-0.43085567635762284,-0.3375328169777099
Zimbabwe,2007,ZWE,0.0,413.302571731556,45.61,657.128,684.202,,0.0544,,0,0.0,,-0.432463239809671,-0.3375328169777099
Zimbabwe,2008,ZWE,0.0,340.740182862316,46.723,618.101,662.139,,0.0596,,0,0.0,,-0.4391263607904541,-0.3375328169777099
Zimbabwe,2009,ZWE,1205656948.574,735.444551727601,48.063,582.977,641.974,,0.12,,1,1639358.0532235138,,-0.40288219900944794,0.04682411025190826
Zimbabwe,2010,ZWE,1413248656.7315,901.554443558321,50.652,525.328,593.694,98.24945831,0.126,,1,1567568.8438222173,0.10897784267162151,-0.387628975919351,0.11300322626010263
Zimbabwe,2011,ZWE,1919476002.19345,1037.25491018154,53.347,453.425,544.86,87.49465179,0.081,83.5827102661133,1,1850534.5054066833,0.084352121094984,-0.37516813166726065,0.2743857714455246
Zimbabwe,2012,ZWE,2113579667.55738,1238.60109002194,55.626,414.143,501.956,89.26095581,0.08,,1,1706424.8405593934,0.07206594320728303,-0.3566792977658205,0.336264972217789
Zimbabwe,2013,ZWE,1890271472.97894,1362.30066802685,57.458,380.434,465.986,100.13693237,0.082,,1,1387558.2074820534,0.07350575003023221,-0.3453204482797071,0.2650755251741013
Zimbabwe,2014,ZWE,1903970851.55067,1372.21278071456,58.846,355.43,435.075,114.44429779,0.122,88.6934204101562,1,1387518.6693416487,0.08340127668130651,-0.34441025765557565,0.26944281311534624
Zimbabwe,2015,ZWE,2046579806.18273,1386.42284717709,59.591,338.869,419.827,105.09803009,0.177,,1,1476158.4536418975,0.07580517755026267,-0.34310540270991735,0.31490577806788667
Zimbabwe,2016,ZWE,1856034930.78343,1407.41536437554,60.306,325.287,409.21,106.18969727,0.174,,1,1318754.2055908558,0.0754501478084372,-0.3411777417830355,0.2541611003264717
Zimbabwe,2017,ZWE,1729883817.47582,3448.08253696926,60.709,315.15,405.925,92.25428772,0.179,,1,501694.43420467695,0.02675524345223133,-0.15379123943114745,0.21394480635092847
Zimbabwe,2018,ZWE,1427703019.441,2271.8533351306,61.414,304.769,391.373,114.63294983,0.201,,1,628430.9807168634,0.05045790063002029,-0.26179977656881087,0.11761119906916477
Zimbabwe,2019,ZWE,1417011952.8873,1684.02790388182,61.292,302.949,400.483,54.80850601,,93.2275466918945,1,841442.0863341832,0.03254607948221165,-0.3157774918153379,0.11420294476079983
Zimbabwe,2020,ZWE,1832039380.8915,1730.41348946953,61.124,295.007,412.647,50.67650986,0.189,,1,1058729.2528869063,0.029285780634740213,-0.3115180845197438,0.24651144854570964
Zimbabwe,2021,ZWE,2573626885.68752,1724.38773104902,59.253,326.282,456.323,62.73724365,,,1,1492487.3561480695,0.03638233009917915,-0.3120714063987847,0.48292554208401217
Zimbabwe,2022,ZWE,3085043420.98222,2040.55245910726,59.391,325.386,449.363,,0.166,89.8499984741211,1,1511866.7531497446,,-0.28303923331660197,0.6459623729775587
Zimbabwe,2023,ZWE,3301267763.74879,2156.0340040333,,,,,,,1,1531176.1120525452,,-0.2724350137356212,0.7148935263013115
